text,event_type
Farmers reported crop damage from hail in Nagpur.,hailstorm
Local reports indicate that occasional showers were reported overnight in parts of Aurangabad.,rainfall
A number of lightning discharges occurred in the region across Nagpur.,lightning
Visibility dropped sharply because of dense fog across Satara.,fog
Flooding disrupted traffic across the district in parts of Pune.,flood
Extreme daytime heat was reported across the district in parts of Aurangabad.,heatwave
"According to weather observations, moderate rainfall was observed near the city in Aurangabad.",rainfall
A prolonged period of dangerous heat was reported near Pune.,heatwave
Dust-filled winds affected nearby communities in Nagpur.,dust_storm
Morning fog limited visibility in several locations near Nashik.,fog
Local reports indicate that dense morning fog covered several roads in parts of Nashik.,fog
Local reports indicate that the report did not provide enough evidence to classify the event across Thane.,other
Dense fog remained until late morning in Nashik.,fog
Persistent fog covered low lying areas near Nagpur.,fog
Temperatures remained unusually high across the region across Aurangabad.,heatwave
"According to weather observations, a weather related incident was reported without sufficient details in Kolhapur.",other
Strong hailfall was reported across the region in Kolhapur.,hailstorm
"According to weather observations, visibility dropped sharply because of dense fog in Kolhapur.",fog
Flood water entered shops and residential areas near Aurangabad.,flood
Morning fog limited visibility in several locations around Pune.,fog
The region experienced widespread lightning discharges around Nagpur.,lightning
A prolonged period of heavy rain was reported across Thane.,heavy_rainfall
Several stations recorded record high temperatures near Thane.,heatwave
An unspecified weather event was recorded in parts of Kolhapur.,other
A thick dust plume was observed near the city across Pune.,dust_storm
Weather conditions were reported with incomplete information in Pune.,other
The district reported widespread water inundation in parts of Nashik.,flood
Several signs and branches were damaged by wind in Thane.,strong_wind
Water inundation was reported in multiple streets in parts of Kolhapur.,flood
Hail was recorded during severe convective activity around Aurangabad.,hailstorm
"According to weather observations, a spell of heavy rain affected the district near Satara.",heavy_rainfall
A hail event affected agricultural areas in parts of Nashik.,hailstorm
Foggy conditions affected early morning travel in Nashik.,fog
Hailstones covered roads after the storm across Nagpur.,hailstorm
Hailstones fell across the district during the storm near Satara.,hailstorm
Rainfall was reported from multiple locations in Mumbai.,rainfall
"According to weather observations, power infrastructure was affected by high winds in Pune.",strong_wind
Weather stations recorded exceptionally high temperatures near Aurangabad.,heatwave
"According to weather observations, a storm with thunder affected several locations across Nagpur.",thunderstorm
Several fields were damaged by falling hail in parts of Nagpur.,hailstorm
Strong winds damaged trees across the district in Nashik.,strong_wind
The region experienced widespread lightning discharges near Mumbai.,lightning
Power lines were affected by powerful wind gusts in Kolhapur.,strong_wind
Flood water entered several residential buildings across Aurangabad.,flood
"According to weather observations, the cyclone remained under close weather monitoring in Thane.",cyclone
Frequent cloud to ground lightning was reported in Nagpur.,lightning
"According to weather observations, the coastal region prepared for an approaching cyclone across Nashik.",cyclone
Several areas experienced dense fog conditions across Kolhapur.,fog
Weather conditions were reported with incomplete information in parts of Satara.,other
A general weather event was reported without a specific hazard across Satara.,other
Authorities monitored a developing tropical cyclone around Pune.,cyclone
Very heavy rainfall was recorded across the district near Thane.,heavy_rainfall
Strong hailfall was reported across the region near Aurangabad.,hailstorm
Several parts of the region experienced rain in Nagpur.,rainfall
Residents reported light rainfall in the area in parts of Satara.,rainfall
"According to weather observations, severe storm activity was observed at multiple stations across Nagpur.",thunderstorm
The event description did not identify a specific weather hazard across Thane.,other
Flood conditions affected communities along the river in Kolhapur.,flood
Severe storm activity was observed at multiple stations in parts of Aurangabad.,thunderstorm
Unusual atmospheric conditions were mentioned in the report around Nashik.,other
Strong winds damaged trees across the district around Thane.,strong_wind
"According to weather observations, the region experienced an intense thunderstorm in Thane.",thunderstorm
A thick fog layer formed across the valley in parts of Aurangabad.,fog
Storm clouds and thunder were reported by residents around Nagpur.,thunderstorm
Local reports indicate that light rain was reported across the city around Aurangabad.,rainfall
Local reports indicate that dusty conditions affected visibility on roads across Pune.,dust_storm
A cyclonic storm moved northward over the sea near Nagpur.,cyclone
"According to weather observations, severe heat conditions affected several cities across Thane.",heatwave
Lightning activity continued throughout the storm across Thane.,lightning
Scattered rainfall was recorded in the region across Nagpur.,rainfall
"According to weather observations, a number of lightning discharges occurred in the region near Nashik.",lightning
Water inundation was reported in multiple streets across Nashik.,flood
A developing thunderstorm moved toward the city near Nashik.,thunderstorm
"According to weather observations, cyclonic conditions brought strong winds and rain across Nagpur.",cyclone
"According to weather observations, strong gusts caused branches to fall on roads around Thane.",strong_wind
Visibility remained poor due to fog in Aurangabad.,fog
Flood conditions affected communities along the river in Satara.,flood
"According to weather observations, a sudden dust storm swept across the region around Nagpur.",dust_storm
The region received exceptionally high rainfall across Nagpur.,heavy_rainfall
Heavy precipitation persisted into the morning near Nagpur.,heavy_rainfall
Heavy hail damaged agricultural fields in Aurangabad.,hailstorm
Extreme rainfall was observed at several stations around Aurangabad.,heavy_rainfall
Local reports indicate that large amounts of rain fell across the region around Kolhapur.,heavy_rainfall
Visibility dropped sharply because of dense fog near Nashik.,fog
"According to weather observations, the region recorded unusually high wind speeds around Nashik.",strong_wind
Strong winds accompanied the approaching cyclone near Satara.,cyclone
"According to weather observations, dense fog remained until late morning around Aurangabad.",fog
River water overflowed into nearby settlements near Thane.,flood
Foggy conditions affected early morning travel across Mumbai.,fog
"According to weather observations, temperatures stayed well above the seasonal average across Aurangabad.",heatwave
High temperatures continued for another day around Satara.,heatwave
Severe wind conditions disrupted local transport across Kolhapur.,strong_wind
A severe cyclone approached the coastal region in parts of Mumbai.,cyclone
Persistent heavy rain affected multiple parts of the city near Nagpur.,heavy_rainfall
Fog reduced visibility on major highways across Satara.,fog
A thick dust plume was observed near the city across Thane.,dust_storm
Power infrastructure was affected by high winds in parts of Satara.,strong_wind
"According to weather observations, several fields were damaged by falling hail in parts of Mumbai.",hailstorm
"According to weather observations, an unspecified weather event was recorded near Kolhapur.",other
Strong winds disrupted outdoor operations in Kolhapur.,strong_wind
"According to weather observations, the city received intense rainfall over a short period near Satara.",heavy_rainfall
An unidentified weather disturbance was observed in parts of Kolhapur.,other
"According to weather observations, residents reported repeated lightning strikes across Mumbai.",lightning
Monitoring stations reported reduced visibility from fog in parts of Satara.,fog
Dense fog reduced visibility near the city in Pune.,fog
A prolonged hot spell affected local communities in parts of Thane.,heatwave
Dangerously hot conditions were observed across the area in Mumbai.,heatwave
Frequent cloud to ground lightning was reported in Pune.,lightning
A large dust cloud moved through the region around Thane.,dust_storm
Intense rain continued for several hours across Kolhapur.,heavy_rainfall
The city experienced unusually intense heat in parts of Thane.,heatwave
A severe heat event affected multiple districts around Satara.,heatwave
The incident requires additional information for classification in Kolhapur.,other
Heat conditions remained severe through the afternoon in parts of Satara.,heatwave
Homes in low lying areas were inundated near Nashik.,flood
Local reports indicate that the report did not provide enough evidence to classify the event around Aurangabad.,other
A dense cloud of dust moved across the district around Nagpur.,dust_storm
The district experienced damaging wind gusts across Nagpur.,strong_wind
"According to weather observations, thunderstorm conditions persisted for nearly an hour in Mumbai.",thunderstorm
Heavy rain caused severe water accumulation on roads in Aurangabad.,heavy_rainfall
Lightning alerts were issued for several areas in Satara.,lightning
"According to weather observations, power infrastructure was affected by high winds across Aurangabad.",strong_wind
A hail event affected agricultural areas in parts of Thane.,hailstorm
Several stations recorded record high temperatures across Kolhapur.,heatwave
The region experienced widespread lightning discharges across Pune.,lightning
A dust storm was reported during the afternoon in parts of Kolhapur.,dust_storm
Strong electrical activity was observed in the clouds near Kolhapur.,lightning
"According to weather observations, the storm produced significant hail damage in parts of Aurangabad.",hailstorm
"According to weather observations, rainfall activity increased during the evening near Satara.",rainfall
Dangerously hot conditions were observed across the area near Pune.,heatwave
Rain was observed at multiple locations near Mumbai.,rainfall
Residents reported large pieces of hail near Mumbai.,hailstorm
Local reports indicate that weather stations detected strong convective storm activity near Nashik.,thunderstorm
Heat conditions remained severe through the afternoon in parts of Nashik.,heatwave
Several villages received light to moderate rain in parts of Kolhapur.,rainfall
Residents reported light rainfall in the area across Satara.,rainfall
Flood water entered shops and residential areas across Kolhapur.,flood
Dusty winds disrupted visibility and travel near Mumbai.,dust_storm
The cyclone produced hazardous conditions near the coast near Pune.,cyclone
Lightning was detected by monitoring stations in Pune.,lightning
A localized thunderstorm affected nearby communities near Thane.,thunderstorm
The tropical system strengthened near the coastline across Thane.,cyclone
Strong gusts carried dust across open areas near Mumbai.,dust_storm
Lightning strikes were observed across the district in Satara.,lightning
A large dust cloud moved through the region across Mumbai.,dust_storm
Strong hailfall was reported across the region around Nagpur.,hailstorm
"According to weather observations, strong gusts caused branches to fall on roads across Mumbai.",strong_wind
A general weather event was reported without a specific hazard in Nashik.,other
Rainfall totals were unusually high in the area across Pune.,heavy_rainfall
"According to weather observations, a line of thunderstorms passed through the area across Aurangabad.",thunderstorm
A localized thunderstorm affected nearby communities in parts of Satara.,thunderstorm
The district experienced intense lightning activity near Mumbai.,lightning
Multiple homes were surrounded by flood water near Pune.,flood
Visibility remained poor due to fog near Satara.,fog
The city received intense rainfall over a short period near Mumbai.,heavy_rainfall
Thick fog covered the area during the morning near Thane.,fog
Moderate rainfall was observed near the city in Nagpur.,rainfall
Several areas experienced intense and continuous rainfall around Thane.,heavy_rainfall
Strong thunderstorms were reported across the region across Aurangabad.,thunderstorm
A widespread dust event affected the district in Pune.,dust_storm
Local reports indicate that strong winds lifted dust over several areas around Kolhapur.,dust_storm
Rain showers affected normal visibility briefly near Pune.,rainfall
"According to weather observations, the event description did not identify a specific weather hazard across Nagpur.",other
Several villages received light to moderate rain in parts of Nagpur.,rainfall
A thick fog layer formed across the valley across Mumbai.,fog
Lightning activity continued throughout the storm across Satara.,lightning
A sudden dust storm swept across the region across Thane.,dust_storm
Emergency teams prepared for the incoming cyclone in Nagpur.,cyclone
"According to weather observations, the incident requires additional information for classification in parts of Thane.",other
"According to weather observations, a prolonged period of heavy rain was reported across Kolhapur.",heavy_rainfall
Torrential rain was reported during the evening in parts of Aurangabad.,heavy_rainfall
Dense morning fog covered several roads in Thane.,fog
Multiple homes were surrounded by flood water across Thane.,flood
Strong gusts caused branches to fall on roads near Aurangabad.,strong_wind
Flooding disrupted traffic across the district in Pune.,flood
The region remained under severe heat conditions around Thane.,heatwave
Power infrastructure was affected by high winds near Satara.,strong_wind
Local reports indicate that the cyclone moved closer to the coast in parts of Nagpur.,cyclone
A short but intense hailstorm affected the area in Pune.,hailstorm
"According to weather observations, the area experienced blowing dust during strong winds in Mumbai.",dust_storm
Ice pellets fell during the afternoon storm in parts of Aurangabad.,hailstorm
"According to weather observations, storm clouds and thunder were reported by residents around Mumbai.",thunderstorm
Weather stations recorded exceptionally high temperatures around Nagpur.,heatwave
Heavy fog was reported around the airport near Nashik.,fog
Thunderstorm conditions persisted for nearly an hour across Nagpur.,thunderstorm
Residents reported repeated lightning strikes across Pune.,lightning
Several parts of the region experienced rain in parts of Satara.,rainfall
The region experienced persistent extreme heat across Aurangabad.,heatwave
A short but intense hailstorm affected the area in parts of Mumbai.,hailstorm
The area experienced blowing dust during strong winds in parts of Kolhapur.,dust_storm
Local reports indicate that extreme daytime heat was reported across the district in Satara.,heatwave
Thunderstorm cells moved across the city in parts of Aurangabad.,thunderstorm
Frequent cloud to ground lightning was reported around Aurangabad.,lightning
A strong storm system affected several villages in parts of Satara.,thunderstorm
The cyclone was expected to affect coastal communities around Nagpur.,cyclone
A weather-related observation was received with insufficient context in parts of Mumbai.,other
Local reports indicate that strong electrical activity was observed in the clouds near Thane.,lightning
Several fields were damaged by falling hail across Kolhapur.,hailstorm
"According to weather observations, several villages were affected by flooding near Pune.",flood
Residents reported unusually powerful winds around Mumbai.,strong_wind
Several areas experienced dense fog conditions in parts of Thane.,fog
"According to weather observations, repeated lightning strikes were reported overnight in parts of Nagpur.",lightning
Persistent heavy rain affected multiple parts of the city in Satara.,heavy_rainfall
Lightning was observed over nearby villages across Nashik.,lightning
Several lightning flashes were seen near the city in Satara.,lightning
Cyclonic winds affected coastal districts across Aurangabad.,cyclone
Local reports indicate that wind conditions became severe during the storm around Pune.,strong_wind
"According to weather observations, rain was recorded at nearby observation stations around Aurangabad.",rainfall
The tropical system strengthened near the coastline in parts of Nagpur.,cyclone
A localized thunderstorm affected nearby communities in parts of Nashik.,thunderstorm
Monitoring stations reported reduced visibility from fog across Aurangabad.,fog
A moving dust front reached several villages near Nashik.,dust_storm
Heavy fog was reported around the airport in Thane.,fog
"According to weather observations, rain showers were observed during the afternoon across Aurangabad.",rainfall
Local reports indicate that thunderstorm conditions persisted for nearly an hour in parts of Kolhapur.,thunderstorm
Thick mist and fog were observed before sunrise in parts of Kolhapur.,fog
The region experienced widespread lightning discharges near Satara.,lightning
Airborne dust reduced visibility across highways near Aurangabad.,dust_storm
A weather-related observation was received with insufficient context in Pune.,other
Power infrastructure was affected by high winds in Thane.,strong_wind
Hot weather persisted for several consecutive days near Mumbai.,heatwave
The report contained limited information about the observed conditions around Nashik.,other
The district reported poor visibility caused by fog near Kolhapur.,fog
Residents reported unusually powerful winds near Satara.,strong_wind
"According to weather observations, a dust storm reduced visibility across the district across Mumbai.",dust_storm
A moving dust front reached several villages in parts of Mumbai.,dust_storm
Emergency teams prepared for the incoming cyclone in Satara.,cyclone
"According to weather observations, a thick dust plume was observed near the city near Nagpur.",dust_storm
The district received moderate rainfall around Aurangabad.,rainfall
Severe wind conditions disrupted local transport near Kolhapur.,strong_wind
Flooding blocked access to several roads in Aurangabad.,flood
Multiple stations recorded heavy precipitation near Thane.,heavy_rainfall
Local reports indicate that several villages were affected by flooding in parts of Nagpur.,flood
"According to weather observations, a moving dust front reached several villages around Thane.",dust_storm
Gale force winds were reported in the area in parts of Mumbai.,strong_wind
Airborne dust reduced visibility across highways in parts of Kolhapur.,dust_storm
Lightning was observed over nearby villages in Nashik.,lightning
Power infrastructure was affected by high winds in Nashik.,strong_wind
Residents reported heavy dust in the air near Mumbai.,dust_storm
Local reports indicate that lightning activity increased during the evening in Nashik.,lightning
Local reports indicate that very heavy rainfall was recorded across the district in Thane.,heavy_rainfall
Local reports indicate that blowing dust covered several parts of the city in parts of Satara.,dust_storm
Rain showers were observed during the afternoon across Nashik.,rainfall
Strong winds accompanied the approaching cyclone in parts of Thane.,cyclone
The cyclone was expected to affect coastal communities in Nashik.,cyclone
Strong winds lifted dust over several areas near Kolhapur.,dust_storm
Intense precipitation affected transportation across the city in Satara.,heavy_rainfall
"According to weather observations, strong hailfall was reported across the region around Nashik.",hailstorm
Thunderstorm conditions persisted for nearly an hour around Satara.,thunderstorm
The available information was insufficient for a precise classification in Kolhapur.,other
River overflow caused inundation in nearby communities in parts of Kolhapur.,flood
"According to weather observations, strong gusts caused branches to fall on roads in parts of Pune.",strong_wind
Hot weather persisted for several consecutive days in parts of Kolhapur.,heatwave
"According to weather observations, a thick dust plume was observed near the city in Nashik.",dust_storm
A prolonged period of heavy rain was reported in parts of Nagpur.,heavy_rainfall
"According to weather observations, intense rain continued for several hours near Nashik.",heavy_rainfall
"According to weather observations, hail was recorded during severe convective activity around Pune.",hailstorm
A number of lightning discharges occurred in the region around Satara.,lightning
The area experienced sustained strong winds in parts of Thane.,strong_wind
Very strong winds were observed near the coast in Thane.,strong_wind
Hailfall affected several parts of the district around Pune.,hailstorm
"According to weather observations, a large dust cloud moved through the region near Nashik.",dust_storm
Several trees were damaged by strong winds across Mumbai.,strong_wind
"According to weather observations, residents reported large pieces of hail near Nagpur.",hailstorm
A local atmospheric event was reported without classification details in Pune.,other
Thunderstorms disrupted outdoor activities in the district near Satara.,thunderstorm
Authorities monitored a developing tropical cyclone across Mumbai.,cyclone
Frequent cloud to ground lightning was reported across Nashik.,lightning
Frequent cloud to ground lightning was reported in parts of Mumbai.,lightning
Local reports indicate that weather stations recorded measurable rainfall around Pune.,rainfall
"According to weather observations, a thick dust plume was observed near the city in parts of Pune.",dust_storm
"According to weather observations, frequent cloud to ground lightning was reported in parts of Pune.",lightning
A widespread dust event affected the district across Mumbai.,dust_storm
Several areas experienced intense and continuous rainfall in parts of Pune.,heavy_rainfall
"According to weather observations, the district reported widespread water inundation in Thane.",flood
Several signs and branches were damaged by wind near Nashik.,strong_wind
The region received exceptionally high rainfall near Mumbai.,heavy_rainfall
A prolonged period of heavy rain was reported in Kolhapur.,heavy_rainfall
Dense fog was observed at multiple stations in parts of Thane.,fog
Flooding disrupted traffic across the district in parts of Kolhapur.,flood
Steady rain continued for several hours near Satara.,rainfall
Residents reported light rainfall in the area near Satara.,rainfall
Visibility dropped sharply because of dense fog in parts of Nagpur.,fog
Power lines were affected by powerful wind gusts in parts of Nashik.,strong_wind
Severe storm activity was observed at multiple stations around Thane.,thunderstorm
A prolonged period of dangerous heat was reported in Pune.,heatwave
The event description did not identify a specific weather hazard near Kolhapur.,other
The report contained limited information about the observed conditions around Nagpur.,other
Local reports indicate that lightning was observed over nearby villages in Nagpur.,lightning
Hot weather persisted for several consecutive days in parts of Aurangabad.,heatwave
Lightning activity increased during the evening in Mumbai.,lightning
"According to weather observations, the cyclone remained under close weather monitoring in parts of Kolhapur.",cyclone
Local reports indicate that the city received intense rainfall over a short period in parts of Mumbai.,heavy_rainfall
A severe cyclone approached the coastal region near Mumbai.,cyclone
The district experienced a strong spell of rainfall around Mumbai.,heavy_rainfall
Winds increased significantly during the evening around Thane.,strong_wind
Several villages received light to moderate rain near Aurangabad.,rainfall
A dense cloud of dust moved across the district in Mumbai.,dust_storm
Thick fog covered the area during the morning across Kolhapur.,fog
The area experienced sustained strong winds across Satara.,strong_wind
The available report did not clearly identify the weather event in Mumbai.,other
Thunderstorm activity developed during the evening near Pune.,thunderstorm
Roads were submerged after water levels rose in parts of Nashik.,flood
"According to weather observations, thunderstorms disrupted outdoor activities in the district in Thane.",thunderstorm
Several villages received light to moderate rain around Nagpur.,rainfall
A prolonged hot spell affected local communities in Nashik.,heatwave
A prolonged period of dangerous heat was reported near Nashik.,heatwave
Foggy weather affected road traffic in parts of Thane.,fog
The report described unusual conditions but lacked a clear event type across Nagpur.,other
Local reports indicate that severe heat conditions affected several cities across Thane.,heatwave
A cyclonic system formed over the Arabian Sea in parts of Pune.,cyclone
Overflowing water isolated several villages across Thane.,flood
Cyclonic conditions brought strong winds and rain around Kolhapur.,cyclone
A developing thunderstorm moved toward the city in Satara.,thunderstorm
Several lightning flashes were seen near the city near Nashik.,lightning
Airborne dust reduced visibility across highways across Mumbai.,dust_storm
Foggy weather affected road traffic across Nashik.,fog
Roads were submerged after water levels rose near Nagpur.,flood
Thick fog covered the area during the morning across Mumbai.,fog
Several fields were damaged by falling hail around Nagpur.,hailstorm
Local reports indicate that homes in low lying areas were inundated near Mumbai.,flood
Water covered roads and entered local houses across Aurangabad.,flood
"According to weather observations, persistent heavy rain affected multiple parts of the city around Satara.",heavy_rainfall
A strong storm system affected several villages around Pune.,thunderstorm
"According to weather observations, a developing thunderstorm moved toward the city around Thane.",thunderstorm
A prolonged period of dangerous heat was reported near Satara.,heatwave
Several areas reported visible lightning flashes in Mumbai.,lightning
The coastal region prepared for an approaching cyclone near Thane.,cyclone
Local reports indicate that extreme daytime heat was reported across the district near Nagpur.,heatwave
The cyclone remained under close weather monitoring in Nagpur.,cyclone
Persistent heavy rain affected multiple parts of the city near Thane.,heavy_rainfall
Rainfall activity increased during the evening in Mumbai.,rainfall
The city received intense rainfall over a short period in Satara.,heavy_rainfall
Large hail was reported in the area across Satara.,hailstorm
Overflowing water isolated several villages across Nagpur.,flood
Fog reduced visibility on major highways across Mumbai.,fog
Flooding disrupted traffic across the district in parts of Thane.,flood
"According to weather observations, the cyclone moved closer to the coast near Pune.",cyclone
Several trees were damaged by strong winds around Nagpur.,strong_wind
Local reports indicate that cyclonic winds affected coastal districts in Thane.,cyclone
Residents reported large pieces of hail in parts of Aurangabad.,hailstorm
Severe wind conditions disrupted local transport near Satara.,strong_wind
Repeated lightning strikes were reported overnight across Thane.,lightning
Heavy fog was reported around the airport in parts of Aurangabad.,fog
A weather related incident was reported without sufficient details near Aurangabad.,other
Large hailstones struck rooftops and crops in parts of Aurangabad.,hailstorm
Flooding blocked access to several roads across Satara.,flood
Fog affected transportation across the region around Nagpur.,fog
Flooding blocked access to several roads around Satara.,flood
Thunderstorm activity increased during the afternoon in parts of Nagpur.,thunderstorm
"According to weather observations, continuous rain produced substantial surface runoff around Nashik.",heavy_rainfall
Strong gusts damaged temporary structures around Nashik.,strong_wind
A local weather anomaly was reported without further details near Nashik.,other
Blowing dust covered several parts of the city around Kolhapur.,dust_storm
Local reports indicate that homes in low lying areas were inundated in parts of Satara.,flood
Lightning strikes were observed across the district in parts of Mumbai.,lightning
A hail event affected agricultural areas around Thane.,hailstorm
A spell of heavy rain affected the district in parts of Kolhapur.,heavy_rainfall
Several neighborhoods remained under flood water across Pune.,flood
The district reported poor visibility caused by fog in Kolhapur.,fog
Severe convective storms were observed near the district around Nagpur.,thunderstorm
Rain showers affected normal visibility briefly in Thane.,rainfall
Water covered roads and entered local houses in Kolhapur.,flood
Strong winds disrupted outdoor operations near Kolhapur.,strong_wind
The report did not provide enough evidence to classify the event across Thane.,other
"According to weather observations, a local atmospheric event was reported without classification details across Nashik.",other
Morning fog limited visibility in several locations near Kolhapur.,fog
Continuous rain produced substantial surface runoff across Nashik.,heavy_rainfall
"According to weather observations, blowing dust covered several parts of the city around Kolhapur.",dust_storm
Rainfall was reported from multiple locations near Satara.,rainfall
"According to weather observations, the incident requires additional information for classification near Kolhapur.",other
Thunderstorm activity increased during the afternoon near Mumbai.,thunderstorm
Lightning was detected by monitoring stations in parts of Aurangabad.,lightning
Hailstones fell across the district during the storm near Pune.,hailstorm
A spell of heavy rain affected the district in Nashik.,heavy_rainfall
Rainfall intensity remained high throughout the night in Nashik.,heavy_rainfall
A weather related incident was reported without sufficient details in parts of Nashik.,other
A local atmospheric event was reported without classification details near Nashik.,other
Residents reported light rainfall in the area across Kolhapur.,rainfall
River overflow caused inundation in nearby communities in Mumbai.,flood
High winds caused debris to fall across roads in parts of Nashik.,strong_wind
Local reports indicate that a dense cloud of dust moved across the district in parts of Pune.,dust_storm
Moderate rainfall was observed near the city in Pune.,rainfall
Airborne dust reduced visibility across highways around Mumbai.,dust_storm
Frequent lightning was reported during the storm across Kolhapur.,lightning
Continuous rain produced substantial surface runoff near Aurangabad.,heavy_rainfall
Cyclonic winds affected coastal districts around Thane.,cyclone
The region remained under severe heat conditions near Pune.,heatwave
The district reported poor visibility caused by fog in Satara.,fog
Heavy hail damaged agricultural fields in parts of Kolhapur.,hailstorm
The tropical system strengthened near the coastline across Satara.,cyclone
Local reports indicate that dense morning fog covered several roads across Pune.,fog
Large hail was reported in the area in Aurangabad.,hailstorm
A general weather event was reported without a specific hazard in Satara.,other
Intense precipitation affected transportation across the city in parts of Aurangabad.,heavy_rainfall
"According to weather observations, thunderstorm activity developed during the evening in Kolhapur.",thunderstorm
A severe heat event affected multiple districts in parts of Nashik.,heatwave
"According to weather observations, a strong storm system affected several villages in parts of Satara.",thunderstorm
The region experienced widespread lightning discharges around Aurangabad.,lightning
The report did not provide enough evidence to classify the event in parts of Aurangabad.,other
Large hail was reported in the area in Kolhapur.,hailstorm
The region experienced a severe hailstorm in parts of Aurangabad.,hailstorm
The weather report lacked enough detail for a specific category around Satara.,other
Local reports indicate that strong winds lifted dust over several areas around Nagpur.,dust_storm
The district reported widespread water inundation in parts of Pune.,flood
Dense morning fog covered several roads across Nashik.,fog
Hailstones fell across the district during the storm around Satara.,hailstorm
"According to weather observations, hailstones covered roads after the storm near Kolhapur.",hailstorm
"According to weather observations, a severe cyclone approached the coastal region near Thane.",cyclone
Strong thunderstorms were reported across the region around Satara.,thunderstorm
Several trees were damaged by strong winds in parts of Mumbai.,strong_wind
The available information was insufficient for a precise classification in Pune.,other
Morning fog limited visibility in several locations in parts of Mumbai.,fog
Rain was observed at multiple locations across Satara.,rainfall
The region received exceptionally high rainfall in parts of Pune.,heavy_rainfall
Roads were submerged after water levels rose across Nagpur.,flood
Weather stations detected strong convective storm activity in parts of Thane.,thunderstorm
Dense fog was observed at multiple stations around Mumbai.,fog
Residents reported repeated lightning strikes near Nagpur.,lightning
Rainfall totals were unusually high in the area in Pune.,heavy_rainfall
Fog reduced visibility on major highways around Kolhapur.,fog
The cyclone moved closer to the coast across Thane.,cyclone
A strong storm system affected several villages across Nashik.,thunderstorm
River overflow caused inundation in nearby communities around Pune.,flood
Large hail was reported in the area near Nagpur.,hailstorm
"According to weather observations, rainfall was reported from multiple locations near Kolhapur.",rainfall
Rainfall totals were unusually high in the area near Thane.,heavy_rainfall
Local reports indicate that heat conditions remained severe through the afternoon in Pune.,heatwave
The region recorded unusually high wind speeds across Pune.,strong_wind
The report did not provide enough evidence to classify the event across Pune.,other
Local reports indicate that strong winds damaged trees across the district across Mumbai.,strong_wind
A storm with thunder affected several locations near Nashik.,thunderstorm
A line of thunderstorms passed through the area around Thane.,thunderstorm
A line of thunderstorms passed through the area across Aurangabad.,thunderstorm
"According to weather observations, a hailstorm damaged crops in several villages near Nagpur.",hailstorm
Wind speeds reached dangerous levels in the region across Nagpur.,strong_wind
Heavy showers continued across the region across Nagpur.,heavy_rainfall
Weather stations recorded measurable rainfall across Mumbai.,rainfall
A hail event affected agricultural areas in Satara.,hailstorm
Dangerously hot conditions were observed across the area across Nagpur.,heatwave
Extreme daytime heat was reported across the district across Nagpur.,heatwave
Fields and roads were submerged by rising water near Satara.,flood
Temperatures stayed well above the seasonal average near Aurangabad.,heatwave
An unusual condition was noted by observers in parts of Mumbai.,other
A thick dust plume was observed near the city across Satara.,dust_storm
The river crossed its danger level and flooded nearby areas around Thane.,flood
Flood conditions affected communities along the river near Nagpur.,flood
"According to weather observations, several fields were damaged by falling hail in parts of Pune.",hailstorm
"According to weather observations, the storm produced significant hail damage in Nashik.",hailstorm
The region was affected by a strong dust storm in Kolhapur.,dust_storm
Flood water entered several residential buildings around Thane.,flood
"According to weather observations, extreme rainfall was observed at several stations across Nagpur.",heavy_rainfall
The region experienced widespread lightning discharges in parts of Nashik.,lightning
The event description did not identify a specific weather hazard around Aurangabad.,other
Cyclonic winds affected coastal districts around Mumbai.,cyclone
Dusty conditions affected visibility on roads around Nashik.,dust_storm
Several stations recorded record high temperatures across Thane.,heatwave
Multiple stations recorded heavy precipitation around Thane.,heavy_rainfall
Authorities monitored a developing tropical cyclone near Kolhapur.,cyclone
"According to weather observations, strong gusts caused branches to fall on roads in Nagpur.",strong_wind
Rain was observed at multiple locations in Mumbai.,rainfall
Cyclonic conditions brought strong winds and rain in parts of Mumbai.,cyclone
"According to weather observations, a localized thunderstorm affected nearby communities around Pune.",thunderstorm
Rain showers affected normal visibility briefly in Mumbai.,rainfall
Gale force winds were reported in the area across Thane.,strong_wind
Local reports indicate that dust storm conditions persisted for several hours in Aurangabad.,dust_storm
Strong hailfall was reported across the region around Thane.,hailstorm
A layer of fog persisted over the district in parts of Nashik.,fog
Strong winds accompanied the approaching cyclone in parts of Mumbai.,cyclone
"According to weather observations, visibility remained poor due to fog near Kolhapur.",fog
Local reports indicate that the district experienced repeated thunderstorm activity across Thane.,thunderstorm
Rain was observed at multiple locations in parts of Nashik.,rainfall
"According to weather observations, the district reported widespread water inundation around Kolhapur.",flood
Several signs and branches were damaged by wind in Nashik.,strong_wind
Daytime temperatures crossed extreme levels around Nagpur.,heatwave
Strong winds damaged trees across the district in parts of Thane.,strong_wind
The district experienced intense lightning activity around Nagpur.,lightning
Hailstones accumulated on roads and open ground across Pune.,hailstorm
"According to weather observations, authorities monitored a developing tropical cyclone near Nagpur.",cyclone
Heavy showers continued across the region around Nashik.,heavy_rainfall
The storm system intensified into a cyclone in parts of Thane.,cyclone
Flooding blocked access to several roads in Nagpur.,flood
Residents reported large pieces of hail in Satara.,hailstorm
A dense cloud of dust moved across the district near Aurangabad.,dust_storm
"According to weather observations, scattered rainfall was recorded in the region in Thane.",rainfall
"According to weather observations, residents were moved from flooded low lying areas in Pune.",flood
A number of lightning discharges occurred in the region in Mumbai.,lightning
A moving dust front reached several villages across Nagpur.,dust_storm
The district reported poor visibility caused by fog in parts of Satara.,fog
The city received intense rainfall over a short period across Aurangabad.,heavy_rainfall
"According to weather observations, monitoring systems recorded numerous lightning events in parts of Kolhapur.",lightning
"According to weather observations, rain showers affected normal visibility briefly in parts of Nagpur.",rainfall
Water inundation was reported in multiple streets across Kolhapur.,flood
The district experienced a strong spell of rainfall in parts of Pune.,heavy_rainfall
The area experienced severe flooding after water levels increased around Nashik.,flood
Visibility remained poor due to fog across Kolhapur.,fog
"According to weather observations, a severe heat event affected multiple districts in Nagpur.",heatwave
Visibility dropped sharply because of dense fog across Nagpur.,fog
The weather report lacked enough detail for a specific category in Nashik.,other
A hail event affected agricultural areas across Satara.,hailstorm
The district received moderate rainfall across Kolhapur.,rainfall
Flood conditions affected communities along the river across Nagpur.,flood
"According to weather observations, flood conditions affected communities along the river across Thane.",flood
Airborne dust reduced visibility across highways across Nashik.,dust_storm
"According to weather observations, the region experienced a severe hailstorm near Pune.",hailstorm
The area experienced blowing dust during strong winds around Aurangabad.,dust_storm
"According to weather observations, rain showers affected normal visibility briefly in parts of Pune.",rainfall
The city received intense rainfall over a short period in Thane.,heavy_rainfall
Local reports indicate that the coastal region prepared for an approaching cyclone in Pune.,cyclone
The region recorded unusually high wind speeds in parts of Pune.,strong_wind
"According to weather observations, a thick fog layer formed across the valley across Thane.",fog
Satellite observations showed a well organized cyclone across Nagpur.,cyclone
A developing thunderstorm moved toward the city in parts of Kolhapur.,thunderstorm
Temperatures remained unusually high across the region across Nashik.,heatwave
Scattered rainfall was recorded in the region in Mumbai.,rainfall
A hail event affected agricultural areas in Pune.,hailstorm
Lightning alerts were issued for several areas in Aurangabad.,lightning
Thunderstorms disrupted outdoor activities in the district in parts of Pune.,thunderstorm
Power infrastructure was affected by high winds in Nagpur.,strong_wind
Cyclonic conditions brought strong winds and rain in parts of Satara.,cyclone
Extreme daytime heat was reported across the district near Kolhapur.,heatwave
Strong gusts damaged temporary structures in parts of Kolhapur.,strong_wind
A storm with thunder affected several locations near Thane.,thunderstorm
"According to weather observations, hailstones were observed near multiple villages around Nagpur.",hailstorm
Continuous rain produced substantial surface runoff in parts of Nashik.,heavy_rainfall
A general weather event was reported without a specific hazard in parts of Mumbai.,other
The cyclone produced hazardous conditions near the coast near Thane.,cyclone
High wind speeds affected several communities in Thane.,strong_wind
The storm system intensified into a cyclone across Aurangabad.,cyclone
Extremely high temperatures affected the district around Mumbai.,heatwave
The coastal region prepared for an approaching cyclone near Aurangabad.,cyclone
"According to weather observations, roads were submerged after water levels rose near Thane.",flood
Flood conditions affected communities along the river around Thane.,flood
Moderate rain occurred in several areas near Mumbai.,rainfall
"According to weather observations, river overflow caused inundation in nearby communities around Mumbai.",flood
The available report did not clearly identify the weather event in parts of Thane.,other
A tropical cyclone affected several coastal districts in Kolhapur.,cyclone
Dangerously hot conditions were observed across the area in Satara.,heatwave
The district experienced a sustained heatwave in Nagpur.,heatwave
A short but intense hailstorm affected the area around Thane.,hailstorm
The city experienced unusually intense heat across Pune.,heatwave
Flooding blocked access to several roads around Nagpur.,flood
"According to weather observations, airborne dust reduced visibility across highways in Nagpur.",dust_storm
The district experienced a strong spell of rainfall around Nagpur.,heavy_rainfall
Daytime temperatures crossed extreme levels in parts of Nashik.,heatwave
"According to weather observations, a cyclone caused severe weather along the coast in Mumbai.",cyclone
Local reports indicate that rain was recorded at nearby observation stations in Thane.,rainfall
Several areas reported visible lightning flashes across Nagpur.,lightning
Multiple homes were surrounded by flood water around Satara.,flood
Moderate rain occurred in several areas in Nagpur.,rainfall
Multiple homes were surrounded by flood water in Nagpur.,flood
Dusty conditions affected visibility on roads in parts of Thane.,dust_storm
Rain showers were observed during the afternoon in Nagpur.,rainfall
Local reports indicate that several stations recorded record high temperatures across Nashik.,heatwave
Local reports indicate that a local atmospheric event was reported without classification details across Mumbai.,other
Thunderstorm activity increased during the afternoon in Thane.,thunderstorm
Very strong winds were observed near the coast in Mumbai.,strong_wind
The district received moderate rainfall around Nashik.,rainfall
Heat conditions remained severe through the afternoon around Nagpur.,heatwave
Power lines were affected by powerful wind gusts across Nagpur.,strong_wind
Local reports indicate that the available report did not clearly identify the weather event in parts of Nagpur.,other
Large hail was reported in the area in parts of Thane.,hailstorm
Local reports indicate that unusual atmospheric conditions were mentioned in the report near Kolhapur.,other
Local reports indicate that intense rain continued for several hours across Nashik.,heavy_rainfall
Farmers reported crop damage from hail in Kolhapur.,hailstorm
An unusual condition was noted by observers in Satara.,other
"According to weather observations, hail was recorded during severe convective activity across Aurangabad.",hailstorm
"According to weather observations, visibility remained poor due to fog near Pune.",fog
Local reports indicate that lightning activity continued throughout the storm in Thane.,lightning
Local reports indicate that a cyclonic system formed over the Arabian Sea near Satara.,cyclone
Lightning alerts were issued for several areas across Aurangabad.,lightning
The district experienced repeated thunderstorm activity around Satara.,thunderstorm
Rainfall intensity remained high throughout the night in Mumbai.,heavy_rainfall
Local reports indicate that very strong winds were observed near the coast near Mumbai.,strong_wind
Strong gusts caused branches to fall on roads in Satara.,strong_wind
Fog reduced visibility on major highways in parts of Satara.,fog
An intense heat spell affected the area near Thane.,heatwave
Persistent heavy rain affected multiple parts of the city around Kolhapur.,heavy_rainfall
A local weather anomaly was reported without further details near Mumbai.,other
A prolonged period of dangerous heat was reported across Aurangabad.,heatwave
Wind speeds reached dangerous levels in the region near Nagpur.,strong_wind
Local reports indicate that a localized thunderstorm affected nearby communities across Mumbai.,thunderstorm
Lightning was observed over nearby villages in Mumbai.,lightning
Thunderstorm cells moved across the city near Nagpur.,thunderstorm
The tropical system strengthened near the coastline in Pune.,cyclone
Several areas reported visible lightning flashes in parts of Nagpur.,lightning
Hailstones accumulated on roads and open ground across Kolhapur.,hailstorm
A cyclone caused severe weather along the coast near Pune.,cyclone
A weather-related observation was received with insufficient context in parts of Thane.,other
Local reports indicate that a cyclonic system formed over the Arabian Sea in Nagpur.,cyclone
Authorities monitored a developing tropical cyclone across Nashik.,cyclone
The city experienced unusually intense heat in Thane.,heatwave
Hailfall affected several parts of the district near Nagpur.,hailstorm
A cyclonic system formed over the Arabian Sea around Thane.,cyclone
Local reports indicate that a cyclonic storm moved northward over the sea in Nashik.,cyclone
Dust storm conditions persisted for several hours across Satara.,dust_storm
"According to weather observations, flood conditions affected communities along the river near Pune.",flood
Strong winds lifted dust over several areas in parts of Nashik.,dust_storm
A prolonged period of dangerous heat was reported in Mumbai.,heatwave
Local reports indicate that weather stations recorded measurable rainfall near Pune.,rainfall
"According to weather observations, dense fog reduced visibility near the city across Satara.",fog
A severe thunderstorm affected the district in parts of Aurangabad.,thunderstorm
The city received intense rainfall over a short period in Kolhapur.,heavy_rainfall
Frequent lightning was reported during the storm near Nagpur.,lightning
Severe convective storms were observed near the district across Thane.,thunderstorm
A hail event affected agricultural areas near Mumbai.,hailstorm
Roads were submerged after water levels rose in parts of Pune.,flood
Strong winds lifted dust over several areas near Aurangabad.,dust_storm
A prolonged period of heavy rain was reported across Mumbai.,heavy_rainfall
Several signs and branches were damaged by wind in parts of Aurangabad.,strong_wind
Rainfall totals were unusually high in the area around Satara.,heavy_rainfall
Thunderstorm conditions persisted for nearly an hour around Pune.,thunderstorm
Dust storm conditions persisted for several hours around Thane.,dust_storm
Hailstones accumulated on roads and open ground in Thane.,hailstorm
A hailstorm damaged crops in several villages in parts of Mumbai.,hailstorm
"According to weather observations, a widespread dust event affected the district around Nagpur.",dust_storm
Heavy showers continued across the region in parts of Pune.,heavy_rainfall
The report did not provide enough evidence to classify the event near Satara.,other
Local reports indicate that roads were submerged after water levels rose across Aurangabad.,flood
Weather stations recorded exceptionally high temperatures in Nagpur.,heatwave
Local reports indicate that the area experienced periods of rain in Pune.,rainfall
The cyclone moved closer to the coast around Mumbai.,cyclone
Homes in low lying areas were inundated in parts of Aurangabad.,flood
Local reports indicate that persistent heavy rain affected multiple parts of the city in parts of Mumbai.,heavy_rainfall
"According to weather observations, an unspecified weather event was recorded near Nagpur.",other
Torrential rain was reported during the evening in parts of Mumbai.,heavy_rainfall
A tropical cyclone affected several coastal districts in Nagpur.,cyclone
A localized thunderstorm affected nearby communities near Nagpur.,thunderstorm
The region received exceptionally high rainfall around Nagpur.,heavy_rainfall
Water covered roads and entered local houses across Nashik.,flood
Storm clouds and thunder were reported by residents across Pune.,thunderstorm
Extremely high temperatures affected the district near Thane.,heatwave
Heavy hail damaged agricultural fields near Satara.,hailstorm
An unusual condition was noted by observers in parts of Kolhapur.,other
Strong winds lifted dust over several areas near Satara.,dust_storm
Several signs and branches were damaged by wind across Thane.,strong_wind
The region experienced persistent extreme heat in Pune.,heatwave
"According to weather observations, a local weather anomaly was reported without further details in Satara.",other
Electrical storm activity was detected across the region near Nashik.,lightning
Extreme rainfall was observed at several stations in Satara.,heavy_rainfall
Lightning was observed over nearby villages in parts of Aurangabad.,lightning
Hailstones covered roads after the storm in parts of Aurangabad.,hailstorm
"According to weather observations, dense fog was observed at multiple stations around Nashik.",fog
Local reports indicate that ice pellets fell during the afternoon storm across Thane.,hailstorm
"According to weather observations, rain showers were observed during the afternoon near Satara.",rainfall
Homes in low lying areas were inundated near Thane.,flood
The river crossed its danger level and flooded nearby areas near Satara.,flood
Persistent fog covered low lying areas near Mumbai.,fog
"According to weather observations, lightning activity continued throughout the storm around Satara.",lightning
Thunderstorm activity increased during the afternoon near Aurangabad.,thunderstorm
"According to weather observations, a cyclonic storm moved northward over the sea around Nagpur.",cyclone
Severe heat conditions affected several cities around Satara.,heatwave
A prolonged hot spell affected local communities near Satara.,heatwave
Thunderstorm activity increased during the afternoon near Kolhapur.,thunderstorm
Dense morning fog covered several roads around Mumbai.,fog
A cyclonic storm moved northward over the sea in Satara.,cyclone
A dust storm reduced visibility across the district around Thane.,dust_storm
Several fields were damaged by falling hail in parts of Satara.,hailstorm
"According to weather observations, hot weather persisted for several consecutive days near Thane.",heatwave
Local reports indicate that a local atmospheric event was reported without classification details in parts of Kolhapur.,other
Light rain was reported across the city in Pune.,rainfall
The river crossed its danger level and flooded nearby areas around Mumbai.,flood
A line of thunderstorms passed through the area near Kolhapur.,thunderstorm
Daytime temperatures crossed extreme levels around Mumbai.,heatwave
Rainfall totals were unusually high in the area across Nashik.,heavy_rainfall
High winds caused debris to fall across roads across Satara.,strong_wind
Dusty winds disrupted visibility and travel across Nashik.,dust_storm
Strong gusts caused branches to fall on roads in parts of Mumbai.,strong_wind
Several lightning flashes were seen near the city across Pune.,lightning
"According to weather observations, extreme daytime heat was reported across the district near Aurangabad.",heatwave
Extreme rainfall was observed at several stations in parts of Kolhapur.,heavy_rainfall
"According to weather observations, lightning activity continued throughout the storm in parts of Kolhapur.",lightning
The region experienced an intense thunderstorm near Nashik.,thunderstorm
"According to weather observations, water covered roads and entered local houses near Pune.",flood
"According to weather observations, the coastal region prepared for an approaching cyclone near Thane.",cyclone
"According to weather observations, the storm system intensified into a cyclone near Satara.",cyclone
Local reports indicate that thick mist and fog were observed before sunrise around Thane.,fog
Local reports indicate that the district experienced intense lightning activity near Aurangabad.,lightning
A general weather event was reported without a specific hazard across Kolhapur.,other
The district experienced a sustained heatwave in parts of Kolhapur.,heatwave
Lightning was observed over nearby villages near Mumbai.,lightning
Dense fog remained until late morning around Nashik.,fog
Scattered rainfall was recorded in the region in parts of Nashik.,rainfall
Several parts of the region experienced rain near Mumbai.,rainfall
A layer of fog persisted over the district across Aurangabad.,fog
Electrical storm activity was detected across the region around Nagpur.,lightning
A sudden dust storm swept across the region across Nagpur.,dust_storm
Unusual atmospheric conditions were mentioned in the report near Pune.,other
"According to weather observations, a number of lightning discharges occurred in the region in Nagpur.",lightning
"According to weather observations, a line of thunderstorms passed through the area around Satara.",thunderstorm
Local reports indicate that the area experienced periods of rain in Thane.,rainfall
Very heavy rainfall was recorded across the district in Nashik.,heavy_rainfall
Very strong winds were observed near the coast near Nagpur.,strong_wind
Frequent cloud to ground lightning was reported in parts of Kolhapur.,lightning
Extremely high temperatures affected the district around Pune.,heatwave
"According to weather observations, extreme rainfall was observed at several stations near Satara.",heavy_rainfall
Roads were submerged after water levels rose in Aurangabad.,flood
Intense precipitation affected transportation across the city in parts of Pune.,heavy_rainfall
Fog affected transportation across the region near Nagpur.,fog
The incident requires additional information for classification across Thane.,other
A dense cloud of dust moved across the district in Aurangabad.,dust_storm
Rainfall was reported from multiple locations in parts of Nagpur.,rainfall
Intense precipitation affected transportation across the city around Satara.,heavy_rainfall
Unusual atmospheric conditions were mentioned in the report in Kolhapur.,other
The region recorded unusually high wind speeds in Thane.,strong_wind
Frequent lightning was reported during the storm in Pune.,lightning
"According to weather observations, the region remained under severe heat conditions in parts of Mumbai.",heatwave
Rain showers affected normal visibility briefly in parts of Nashik.,rainfall
"According to weather observations, a weather-related observation was received with insufficient context near Thane.",other
Large hailstones struck rooftops and crops around Thane.,hailstorm
Power lines were affected by powerful wind gusts across Pune.,strong_wind
"According to weather observations, the available report did not clearly identify the weather event in parts of Thane.",other
Local reports indicate that airborne dust reduced visibility across highways in parts of Nagpur.,dust_storm
"According to weather observations, lightning was observed over nearby villages in Pune.",lightning
The region experienced widespread lightning discharges around Nashik.,lightning
Local reports indicate that hailfall affected several parts of the district across Nashik.,hailstorm
Multiple homes were surrounded by flood water across Nagpur.,flood
Several lightning flashes were seen near the city around Aurangabad.,lightning
Visibility dropped sharply because of dense fog in parts of Mumbai.,fog
Lightning alerts were issued for several areas near Nashik.,lightning
A powerful cyclone was observed over the sea around Nagpur.,cyclone
An unspecified weather event was recorded near Pune.,other
A severe cyclone approached the coastal region near Aurangabad.,cyclone
Cyclonic conditions brought strong winds and rain around Satara.,cyclone
A cyclone warning was issued for coastal areas across Nagpur.,cyclone
Steady rain continued for several hours in parts of Kolhapur.,rainfall
Power lines were affected by powerful wind gusts near Mumbai.,strong_wind
The region received exceptionally high rainfall around Aurangabad.,heavy_rainfall
The storm system intensified into a cyclone across Mumbai.,cyclone
"According to weather observations, thunderstorm cells moved across the city across Kolhapur.",thunderstorm
Emergency teams prepared for the incoming cyclone around Pune.,cyclone
The available information was insufficient for a precise classification near Satara.,other
Storm activity intensified over the region across Mumbai.,thunderstorm
A severe cyclone approached the coastal region across Pune.,cyclone
Thick mist and fog were observed before sunrise in Mumbai.,fog
Wind speeds reached dangerous levels in the region around Pune.,strong_wind
"According to weather observations, heavy showers continued across the region near Nagpur.",heavy_rainfall
A layer of fog persisted over the district in parts of Aurangabad.,fog
Roads were submerged after water levels rose in Satara.,flood
Heavy fog was reported around the airport across Mumbai.,fog
Wind speeds reached dangerous levels in the region across Aurangabad.,strong_wind
Thick mist and fog were observed before sunrise in Nagpur.,fog
A thick dust plume was observed near the city in Nashik.,dust_storm
Light rain was reported across the city across Nashik.,rainfall
Lightning activity continued throughout the storm across Mumbai.,lightning
Local reports indicate that power lines were affected by powerful wind gusts in parts of Pune.,strong_wind
"According to weather observations, intermittent rain affected the district around Aurangabad.",rainfall
Persistent heavy rain affected multiple parts of the city near Kolhapur.,heavy_rainfall
Water inundation was reported in multiple streets around Pune.,flood
A thick fog layer formed across the valley across Kolhapur.,fog
"According to weather observations, a dust storm was reported during the afternoon in Nagpur.",dust_storm
Dusty winds disrupted visibility and travel near Satara.,dust_storm
The region received exceptionally high rainfall in parts of Mumbai.,heavy_rainfall
Strong gusts caused branches to fall on roads in Nagpur.,strong_wind
"According to weather observations, persistent heavy rain affected multiple parts of the city around Nagpur.",heavy_rainfall
Torrential rain was reported during the evening in Kolhapur.,heavy_rainfall
Multiple lightning strikes occurred within a short period in Kolhapur.,lightning
Authorities monitored a developing tropical cyclone around Mumbai.,cyclone
The region was affected by a strong dust storm in parts of Satara.,dust_storm
Roads were submerged after water levels rose in Kolhapur.,flood
A thick fog layer formed across the valley in parts of Nashik.,fog
Dusty winds disrupted visibility and travel across Pune.,dust_storm
Strong electrical activity was observed in the clouds around Thane.,lightning
Extreme rainfall was observed at several stations near Satara.,heavy_rainfall
Frequent lightning was reported during the storm across Mumbai.,lightning
A developing thunderstorm moved toward the city in Aurangabad.,thunderstorm
Local reports indicate that high wind speeds affected several communities in parts of Nagpur.,strong_wind
Weather conditions were reported with incomplete information in parts of Aurangabad.,other
Intense precipitation affected transportation across the city in Nashik.,heavy_rainfall
Heavy hail damaged agricultural fields around Mumbai.,hailstorm
Blowing dust covered several parts of the city in Pune.,dust_storm
Power infrastructure was affected by high winds around Satara.,strong_wind
"According to weather observations, the area experienced periods of rain across Thane.",rainfall
Rain showers were observed during the afternoon around Aurangabad.,rainfall
Local reports indicate that the area experienced sustained strong winds in Nagpur.,strong_wind
Strong gusts carried dust across open areas around Nagpur.,dust_storm
A severe thunderstorm affected the district across Thane.,thunderstorm
Morning fog limited visibility in several locations near Pune.,fog
Residents reported large pieces of hail near Nagpur.,hailstorm
Heavy precipitation persisted into the morning near Mumbai.,heavy_rainfall
Residents reported heavy dust in the air in Pune.,dust_storm
Winds increased significantly during the evening near Aurangabad.,strong_wind
Fog affected transportation across the region across Thane.,fog
The region was affected by a strong dust storm around Nagpur.,dust_storm
A weather related incident was reported without sufficient details across Nagpur.,other
Lightning was observed over nearby villages across Mumbai.,lightning
Daytime temperatures crossed extreme levels near Aurangabad.,heatwave
Dense fog was observed at multiple stations in parts of Kolhapur.,fog
The region received exceptionally high rainfall in parts of Kolhapur.,heavy_rainfall
"According to weather observations, ice pellets fell during the afternoon storm in parts of Aurangabad.",hailstorm
A local weather anomaly was reported without further details in Pune.,other
Dense fog remained until late morning in Kolhapur.,fog
Torrential rain was reported during the evening near Mumbai.,heavy_rainfall
River water overflowed into nearby settlements near Mumbai.,flood
The region was affected by a strong dust storm near Nashik.,dust_storm
A strong storm system affected several villages in parts of Pune.,thunderstorm
Rain showers affected normal visibility briefly in Kolhapur.,rainfall
Local reports indicate that the region was affected by a strong dust storm near Kolhapur.,dust_storm
Dense fog reduced visibility near the city in parts of Nagpur.,fog
The region experienced an intense thunderstorm in Pune.,thunderstorm
"According to weather observations, several areas reported visible lightning flashes in Nashik.",lightning
Foggy weather affected road traffic across Mumbai.,fog
Flood water entered shops and residential areas in parts of Nagpur.,flood
The district reported poor visibility caused by fog near Aurangabad.,fog
"According to weather observations, thunderstorm conditions persisted for nearly an hour across Thane.",thunderstorm
The cyclone was expected to affect coastal communities near Kolhapur.,cyclone
The area experienced severe flooding after water levels increased across Kolhapur.,flood
Satellite observations showed a well organized cyclone around Nagpur.,cyclone
Intermittent rain affected the district around Pune.,rainfall
"According to weather observations, a hail event affected agricultural areas near Kolhapur.",hailstorm
Dusty winds disrupted visibility and travel across Nagpur.,dust_storm
Cyclonic conditions brought strong winds and rain in parts of Thane.,cyclone
Several areas reported visible lightning flashes in Kolhapur.,lightning
Strong winds disrupted outdoor operations around Kolhapur.,strong_wind
Strong winds damaged trees across the district in Thane.,strong_wind
Cyclonic winds affected coastal districts near Pune.,cyclone
"According to weather observations, the city experienced unusually intense heat near Satara.",heatwave
Several neighborhoods remained under flood water near Kolhapur.,flood
The storm produced significant hail damage around Thane.,hailstorm
Temperatures stayed well above the seasonal average around Aurangabad.,heatwave
A moving dust front reached several villages across Mumbai.,dust_storm
The cyclone was expected to affect coastal communities in Pune.,cyclone
River overflow caused inundation in nearby communities in Aurangabad.,flood
Weather conditions were reported with incomplete information around Thane.,other
"According to weather observations, the region experienced widespread lightning discharges in Nashik.",lightning
Residents reported light rainfall in the area in Nashik.,rainfall
A dense cloud of dust moved across the district in Pune.,dust_storm
Large amounts of rain fell across the region near Kolhapur.,heavy_rainfall
The region experienced a severe hailstorm near Thane.,hailstorm
Local reports indicate that thunderstorm activity developed during the evening in parts of Aurangabad.,thunderstorm
Lightning strikes were recorded at multiple locations in Pune.,lightning
Local reports indicate that a prolonged hot spell affected local communities across Aurangabad.,heatwave
A cyclone caused severe weather along the coast around Nashik.,cyclone
Several villages received light to moderate rain in Mumbai.,rainfall
"According to weather observations, rain showers were observed during the afternoon around Nashik.",rainfall
Strong gusts carried dust across open areas across Mumbai.,dust_storm
Several fields were damaged by falling hail near Nagpur.,hailstorm
Multiple stations recorded heavy precipitation in Aurangabad.,heavy_rainfall
The cyclone was expected to affect coastal communities near Mumbai.,cyclone
An unusual condition was noted by observers in Kolhapur.,other
Strong hailfall was reported across the region in parts of Aurangabad.,hailstorm
"According to weather observations, the area experienced severe flooding after water levels increased in Mumbai.",flood
A general weather event was reported without a specific hazard in Thane.,other
The area experienced blowing dust during strong winds in parts of Thane.,dust_storm
"According to weather observations, lightning was detected by monitoring stations in parts of Mumbai.",lightning
Residents were moved from flooded low lying areas in parts of Nashik.,flood
Emergency teams prepared for the incoming cyclone in parts of Aurangabad.,cyclone
Intense precipitation affected transportation across the city across Aurangabad.,heavy_rainfall
Persistent heavy rain affected multiple parts of the city in Pune.,heavy_rainfall
"According to weather observations, several villages were affected by flooding near Aurangabad.",flood
Visibility remained poor due to fog across Mumbai.,fog
"According to weather observations, the district experienced damaging wind gusts in Satara.",strong_wind
"According to weather observations, hail was recorded during severe convective activity across Kolhapur.",hailstorm
Hailstones fell across the district during the storm in parts of Pune.,hailstorm
"According to weather observations, rainfall totals were unusually high in the area in Nashik.",heavy_rainfall
"According to weather observations, continuous rain produced substantial surface runoff around Aurangabad.",heavy_rainfall
Thunderstorm activity increased during the afternoon around Nashik.,thunderstorm
Strong winds damaged trees across the district across Satara.,strong_wind
"According to weather observations, the river crossed its danger level and flooded nearby areas in Thane.",flood
The available report did not clearly identify the weather event across Thane.,other
Local reports indicate that hailstones fell across the district during the storm near Kolhapur.,hailstorm
Local reports indicate that lightning strikes were observed across the district in Nagpur.,lightning
Several signs and branches were damaged by wind in parts of Satara.,strong_wind
Strong winds lifted dust over several areas around Kolhapur.,dust_storm
"According to weather observations, morning fog limited visibility in several locations in parts of Mumbai.",fog
Residents reported large pieces of hail in Kolhapur.,hailstorm
Satellite observations showed a well organized cyclone in parts of Mumbai.,cyclone
Several areas reported visible lightning flashes in Nashik.,lightning
The area experienced sustained strong winds across Pune.,strong_wind
The weather report lacked enough detail for a specific category around Nagpur.,other
Fog reduced visibility on major highways in parts of Kolhapur.,fog
Dust-filled winds affected nearby communities in parts of Kolhapur.,dust_storm
Rain showers were observed during the afternoon across Pune.,rainfall
Thunderstorms disrupted outdoor activities in the district in parts of Aurangabad.,thunderstorm
Multiple lightning strikes occurred within a short period in parts of Thane.,lightning
The district experienced repeated thunderstorm activity in parts of Pune.,thunderstorm
A cyclonic system formed over the Arabian Sea across Thane.,cyclone
Flood conditions affected communities along the river near Pune.,flood
Several areas experienced intense and continuous rainfall in Thane.,heavy_rainfall
Temperatures stayed well above the seasonal average across Nashik.,heatwave
Continuous rain produced substantial surface runoff around Nagpur.,heavy_rainfall
Hailstones fell across the district during the storm across Mumbai.,hailstorm
Local reports indicate that repeated lightning strikes were reported overnight across Thane.,lightning
Local reports indicate that monitoring systems recorded numerous lightning events in parts of Mumbai.,lightning
"According to weather observations, electrical storm activity was detected across the region near Pune.",lightning
Dangerously hot conditions were observed across the area across Aurangabad.,heatwave
Intense precipitation affected transportation across the city near Pune.,heavy_rainfall
Cyclonic winds affected coastal districts across Mumbai.,cyclone
Winds increased significantly during the evening around Mumbai.,strong_wind
Residents reported repeated lightning strikes in parts of Aurangabad.,lightning
Strong electrical activity was observed in the clouds in Nashik.,lightning
Local reports indicate that dangerously hot conditions were observed across the area around Pune.,heatwave
Strong thunderstorms were reported across the region in parts of Nashik.,thunderstorm
The cyclone produced hazardous conditions near the coast in Thane.,cyclone
A strong storm system affected several villages in Mumbai.,thunderstorm
A prolonged period of heavy rain was reported near Thane.,heavy_rainfall
Electrical storm activity was detected across the region around Nashik.,lightning
Authorities monitored a developing tropical cyclone across Nagpur.,cyclone
Electrical storm activity was detected across the region across Nagpur.,lightning
Extreme rainfall was observed at several stations in parts of Thane.,heavy_rainfall
Intense rain continued for several hours in parts of Aurangabad.,heavy_rainfall
Multiple stations recorded heavy precipitation in parts of Satara.,heavy_rainfall
Severe heat conditions affected several cities across Satara.,heatwave
Local reports indicate that authorities monitored a developing tropical cyclone around Thane.,cyclone
Rain was observed at multiple locations across Nagpur.,rainfall
Dust storm conditions persisted for several hours in Aurangabad.,dust_storm
A sudden hailstorm damaged crops and vehicles in parts of Aurangabad.,hailstorm
A spell of heavy rain affected the district across Mumbai.,heavy_rainfall
A dense cloud of dust moved across the district across Pune.,dust_storm
"According to weather observations, the region received exceptionally high rainfall in parts of Pune.",heavy_rainfall
Very heavy rainfall was recorded across the district around Mumbai.,heavy_rainfall
A dust storm was reported during the afternoon across Thane.,dust_storm
The district received moderate rainfall across Thane.,rainfall
A thick dust plume was observed near the city in parts of Nagpur.,dust_storm
Several villages received light to moderate rain near Mumbai.,rainfall
Several lightning flashes were seen near the city around Mumbai.,lightning
"According to weather observations, the region was affected by a strong dust storm around Satara.",dust_storm
A weather-related observation was received with insufficient context near Nagpur.,other
Local reports indicate that electrical storm activity was detected across the region near Thane.,lightning
Several areas experienced dense fog conditions across Mumbai.,fog
Strong gusts damaged temporary structures around Pune.,strong_wind
A powerful cyclone was observed over the sea across Pune.,cyclone
"According to weather observations, a thick fog layer formed across the valley near Nagpur.",fog
Several villages received light to moderate rain in Nagpur.,rainfall
"According to weather observations, lightning was observed over nearby villages near Mumbai.",lightning
Local reports indicate that thunderstorms disrupted outdoor activities in the district across Pune.,thunderstorm
Hailfall affected several parts of the district in Pune.,hailstorm
The region was affected by a strong dust storm in parts of Nagpur.,dust_storm
The weather report lacked enough detail for a specific category around Thane.,other
Dusty conditions affected visibility on roads in Pune.,dust_storm
The report described unusual conditions but lacked a clear event type around Nagpur.,other
Multiple lightning strikes occurred within a short period across Mumbai.,lightning
Heavy fog was reported around the airport around Thane.,fog
"According to weather observations, a storm with thunder affected several locations in Pune.",thunderstorm
A local atmospheric event was reported without classification details near Nagpur.,other
The city experienced unusually intense heat near Aurangabad.,heatwave
The district experienced damaging wind gusts across Aurangabad.,strong_wind
Heavy precipitation persisted into the morning across Mumbai.,heavy_rainfall
Flood conditions affected communities along the river across Satara.,flood
Local reports indicate that flooding disrupted traffic across the district near Thane.,flood
Lightning activity increased during the evening near Kolhapur.,lightning
Residents reported light rainfall in the area across Aurangabad.,rainfall
Local reports indicate that multiple lightning strikes occurred within a short period across Nashik.,lightning
Dense fog was observed at multiple stations across Thane.,fog
A dust storm reduced visibility across the district in parts of Nashik.,dust_storm
Overflowing water isolated several villages near Nagpur.,flood
Weather stations recorded measurable rainfall across Satara.,rainfall
Thunder was heard as a storm crossed the area in parts of Nagpur.,thunderstorm
A severe cyclone approached the coastal region around Pune.,cyclone
A moving dust front reached several villages around Aurangabad.,dust_storm
A local atmospheric event was reported without classification details in Satara.,other
The area experienced sustained strong winds around Nagpur.,strong_wind
Extreme daytime heat was reported across the district in Nagpur.,heatwave
The region experienced an intense thunderstorm across Nashik.,thunderstorm
Residents reported large pieces of hail in Mumbai.,hailstorm
Rainfall totals were unusually high in the area near Mumbai.,heavy_rainfall
A dust storm reduced visibility across the district in parts of Kolhapur.,dust_storm
Local reports indicate that river overflow caused inundation in nearby communities across Nashik.,flood
Winds increased significantly during the evening in Nagpur.,strong_wind
A cyclone warning was issued for coastal areas in parts of Kolhapur.,cyclone
Homes in low lying areas were inundated in parts of Mumbai.,flood
Multiple stations recorded heavy precipitation in Thane.,heavy_rainfall
Emergency teams prepared for the incoming cyclone around Nagpur.,cyclone
Strong gusts carried dust across open areas in Nashik.,dust_storm
Heavy rain caused severe water accumulation on roads across Nashik.,heavy_rainfall
A storm with thunder affected several locations around Nashik.,thunderstorm
Local reports indicate that rain was observed at multiple locations in parts of Nashik.,rainfall
"According to weather observations, fog affected transportation across the region across Kolhapur.",fog
The region experienced a severe hailstorm in parts of Mumbai.,hailstorm
Residents reported light rainfall in the area near Thane.,rainfall
"According to weather observations, several areas experienced intense and continuous rainfall in parts of Thane.",heavy_rainfall
A general weather disturbance was reported in the area in Nagpur.,other
Multiple stations recorded heavy precipitation in Nagpur.,heavy_rainfall
Dense fog remained until late morning in Nagpur.,fog
The district reported poor visibility caused by fog across Aurangabad.,fog
Flood water entered several residential buildings in Kolhapur.,flood
Severe wind conditions disrupted local transport around Mumbai.,strong_wind
Foggy conditions affected early morning travel around Pune.,fog
The incident requires additional information for classification in parts of Thane.,other
The region recorded unusually high wind speeds in parts of Nashik.,strong_wind
Thunderstorm conditions persisted for nearly an hour in parts of Thane.,thunderstorm
Farmers reported crop damage from hail around Nashik.,hailstorm
Local reports indicate that ice pellets fell during the afternoon storm in Pune.,hailstorm
A cyclone warning was issued for coastal areas in Mumbai.,cyclone
The cyclone produced hazardous conditions near the coast in Pune.,cyclone
Extremely high temperatures affected the district near Nagpur.,heatwave
Local reports indicate that rainfall totals were unusually high in the area across Nashik.,heavy_rainfall
Several signs and branches were damaged by wind across Aurangabad.,strong_wind
"According to weather observations, moderate rainfall was observed near the city across Thane.",rainfall
A severe thunderstorm affected the district around Mumbai.,thunderstorm
Moderate rainfall was observed near the city in parts of Nagpur.,rainfall
Several villages were affected by flooding in parts of Thane.,flood
The area experienced severe flooding after water levels increased across Nagpur.,flood
Monitoring stations reported reduced visibility from fog near Mumbai.,fog
High winds caused debris to fall across roads near Nashik.,strong_wind
Very heavy rainfall was recorded across the district near Nashik.,heavy_rainfall
"According to weather observations, the weather report lacked enough detail for a specific category in Satara.",other
Flood conditions affected communities along the river in Thane.,flood
Visibility remained poor due to fog in parts of Nashik.,fog
Hail was recorded during severe convective activity in parts of Thane.,hailstorm
Satellite observations showed a well organized cyclone in Mumbai.,cyclone
A severe heat event affected multiple districts across Mumbai.,heatwave
Continuous rain produced substantial surface runoff across Mumbai.,heavy_rainfall
The district received moderate rainfall in Thane.,rainfall
"According to weather observations, river water overflowed into nearby settlements around Mumbai.",flood
Severe storm activity was observed at multiple stations around Nashik.,thunderstorm
High wind speeds affected several communities across Kolhapur.,strong_wind
"According to weather observations, overflowing water isolated several villages in Mumbai.",flood
Overflowing water isolated several villages near Nashik.,flood
Local reports indicate that extreme rainfall was observed at several stations around Mumbai.,heavy_rainfall
River water overflowed into nearby settlements in parts of Satara.,flood
"According to weather observations, a severe cyclone approached the coastal region across Nagpur.",cyclone
A hail event affected agricultural areas in parts of Pune.,hailstorm
"According to weather observations, large amounts of rain fell across the region in parts of Satara.",heavy_rainfall
Several villages received light to moderate rain in parts of Mumbai.,rainfall
Flood conditions affected communities along the river in parts of Aurangabad.,flood
Local reports indicate that river overflow caused inundation in nearby communities near Nagpur.,flood
Intermittent rain affected the district in parts of Aurangabad.,rainfall
"According to weather observations, roads were submerged after water levels rose around Satara.",flood
The region received exceptionally high rainfall in Kolhapur.,heavy_rainfall
"According to weather observations, weather stations detected strong convective storm activity in parts of Kolhapur.",thunderstorm
An intense heat spell affected the area in parts of Satara.,heatwave
The report described unusual conditions but lacked a clear event type across Thane.,other
Thunder was heard as a storm crossed the area around Kolhapur.,thunderstorm
Cyclonic winds affected coastal districts in Mumbai.,cyclone
"According to weather observations, persistent fog covered low lying areas across Nagpur.",fog
Hailstones covered roads after the storm in Kolhapur.,hailstorm
Light rain was reported across the city in Nagpur.,rainfall
A short but intense hailstorm affected the area in parts of Satara.,hailstorm
Wind conditions became severe during the storm around Pune.,strong_wind
"According to weather observations, the area experienced periods of rain across Nagpur.",rainfall
Thick fog covered the area during the morning in parts of Mumbai.,fog
Local reports indicate that farmers reported crop damage from hail in parts of Nashik.,hailstorm
"According to weather observations, fog affected transportation across the region across Nagpur.",fog
The region experienced widespread lightning discharges in parts of Satara.,lightning
"According to weather observations, lightning strikes were observed across the district across Pune.",lightning
The storm produced significant hail damage near Nagpur.,hailstorm
"According to weather observations, power lines were affected by powerful wind gusts near Satara.",strong_wind
Lightning alerts were issued for several areas near Mumbai.,lightning
Extreme daytime heat was reported across the district in Mumbai.,heatwave
The report described unusual conditions but lacked a clear event type in Thane.,other
"According to weather observations, the area experienced sustained strong winds across Nashik.",strong_wind
Local reports indicate that heavy fog was reported around the airport around Nashik.,fog
A cyclone warning was issued for coastal areas around Aurangabad.,cyclone
Flood water entered shops and residential areas across Pune.,flood
"According to weather observations, severe wind conditions disrupted local transport across Pune.",strong_wind
"According to weather observations, rain showers were observed during the afternoon around Aurangabad.",rainfall
The event description did not identify a specific weather hazard across Nagpur.,other
Several lightning flashes were seen near the city around Kolhapur.,lightning
The storm produced significant hail damage near Satara.,hailstorm
The district experienced damaging wind gusts in parts of Pune.,strong_wind
Satellite observations showed a well organized cyclone around Thane.,cyclone
The city received intense rainfall over a short period in parts of Thane.,heavy_rainfall
The region was affected by a strong dust storm in parts of Thane.,dust_storm
Visibility deteriorated because of airborne dust in Satara.,dust_storm
A strong storm system affected several villages around Nashik.,thunderstorm
"According to weather observations, a dust storm was reported during the afternoon across Nagpur.",dust_storm
The district experienced repeated thunderstorm activity in parts of Nagpur.,thunderstorm
A cyclonic storm moved northward over the sea in parts of Thane.,cyclone
Multiple stations recorded heavy precipitation in Pune.,heavy_rainfall
Moderate rainfall was observed near the city near Aurangabad.,rainfall
Power lines were affected by powerful wind gusts near Thane.,strong_wind
A local weather anomaly was reported without further details around Satara.,other
Extremely high temperatures affected the district near Pune.,heatwave
Electrical storm activity was detected across the region across Kolhapur.,lightning
Local reports indicate that a prolonged period of dangerous heat was reported across Pune.,heatwave
A dust storm reduced visibility across the district in Thane.,dust_storm
The coastal region prepared for an approaching cyclone near Nagpur.,cyclone
Severe heat conditions affected several cities around Mumbai.,heatwave
Moderate rain occurred in several areas in Kolhapur.,rainfall
Local reports indicate that visibility dropped sharply because of dense fog in parts of Aurangabad.,fog
Local reports indicate that fields and roads were submerged by rising water across Aurangabad.,flood
"According to weather observations, lightning strikes were recorded at multiple locations in parts of Satara.",lightning
Several areas experienced intense and continuous rainfall near Aurangabad.,heavy_rainfall
Lightning activity increased during the evening around Thane.,lightning
"According to weather observations, a prolonged period of dangerous heat was reported in parts of Pune.",heatwave
A prolonged period of dangerous heat was reported across Thane.,heatwave
Fields and roads were submerged by rising water in Aurangabad.,flood
"According to weather observations, lightning activity continued throughout the storm in parts of Nashik.",lightning
Water inundation was reported in multiple streets in Thane.,flood
A prolonged hot spell affected local communities around Aurangabad.,heatwave
A weather related incident was reported without sufficient details in parts of Nagpur.,other
Large hailstones struck rooftops and crops in parts of Pune.,hailstorm
"According to weather observations, a localized thunderstorm affected nearby communities near Nashik.",thunderstorm
Fog affected transportation across the region near Kolhapur.,fog
Severe convective storms were observed near the district in Satara.,thunderstorm
Roads were submerged after water levels rose in parts of Aurangabad.,flood
The region remained under severe heat conditions in Kolhapur.,heatwave
Temperatures stayed well above the seasonal average in parts of Mumbai.,heatwave
Residents reported unusually powerful winds across Nagpur.,strong_wind
Local reports indicate that the cyclone produced hazardous conditions near the coast in parts of Nashik.,cyclone
Gale force winds were reported in the area around Aurangabad.,strong_wind
Large amounts of rain fell across the region in parts of Thane.,heavy_rainfall
Water covered roads and entered local houses across Nagpur.,flood
"According to weather observations, temperatures remained unusually high across the region near Nagpur.",heatwave
Foggy weather affected road traffic around Mumbai.,fog
Monitoring stations reported reduced visibility from fog near Satara.,fog
Residents reported unusually powerful winds in parts of Thane.,strong_wind
Heavy precipitation persisted into the morning around Mumbai.,heavy_rainfall
Water inundation was reported in multiple streets around Thane.,flood
The region experienced widespread lightning discharges in Thane.,lightning
"According to weather observations, high winds caused debris to fall across roads around Satara.",strong_wind
A severe cyclone approached the coastal region in Aurangabad.,cyclone
Severe heat conditions affected several cities in parts of Satara.,heatwave
Strong winds damaged trees across the district in parts of Nagpur.,strong_wind
Morning fog limited visibility in several locations around Thane.,fog
Strong winds lifted dust over several areas near Pune.,dust_storm
Dust-filled winds affected nearby communities in parts of Nashik.,dust_storm
The cyclone moved closer to the coast around Nagpur.,cyclone
"According to weather observations, a dust storm was reported during the afternoon in Nashik.",dust_storm
River overflow caused inundation in nearby communities near Satara.,flood
A dust storm reduced visibility across the district in Kolhapur.,dust_storm
Local reports indicate that the report did not provide enough evidence to classify the event in Satara.,other
Emergency teams prepared for the incoming cyclone around Mumbai.,cyclone
Overflowing water isolated several villages near Mumbai.,flood
Local reports indicate that rainfall totals were unusually high in the area around Thane.,heavy_rainfall
Rain was observed at multiple locations around Aurangabad.,rainfall
"According to weather observations, cyclonic conditions brought strong winds and rain across Pune.",cyclone
"According to weather observations, hailstones fell across the district during the storm in Thane.",hailstorm
Emergency teams prepared for the incoming cyclone across Nashik.,cyclone
A severe cyclone approached the coastal region in parts of Aurangabad.,cyclone
A storm with thunder affected several locations across Thane.,thunderstorm
The cyclone remained under close weather monitoring near Nagpur.,cyclone
Several areas experienced intense and continuous rainfall around Pune.,heavy_rainfall
"According to weather observations, temperatures stayed well above the seasonal average across Nagpur.",heatwave
Hailstones were observed near multiple villages near Mumbai.,hailstorm
Winds increased significantly during the evening in parts of Aurangabad.,strong_wind
Strong gusts caused branches to fall on roads around Nagpur.,strong_wind
Dangerously hot conditions were observed across the area near Thane.,heatwave
Unusual atmospheric conditions were mentioned in the report near Kolhapur.,other
An unspecified weather event was recorded in parts of Mumbai.,other
"According to weather observations, hailstones accumulated on roads and open ground in Thane.",hailstorm
River water overflowed into nearby settlements near Aurangabad.,flood
Lightning was observed over nearby villages around Pune.,lightning
Dense morning fog covered several roads near Satara.,fog
Several villages received light to moderate rain in parts of Thane.,rainfall
Monitoring systems recorded numerous lightning events in Satara.,lightning
Power infrastructure was affected by high winds in Pune.,strong_wind
A layer of fog persisted over the district in parts of Nagpur.,fog
Intermittent rain affected the district near Kolhapur.,rainfall
Foggy conditions affected early morning travel near Aurangabad.,fog
Rain was observed at multiple locations in Kolhapur.,rainfall
Strong winds disrupted outdoor operations in Mumbai.,strong_wind
Foggy conditions affected early morning travel in parts of Nashik.,fog
Emergency teams prepared for the incoming cyclone around Kolhapur.,cyclone
Residents were moved from flooded low lying areas around Kolhapur.,flood
Foggy conditions affected early morning travel in Pune.,fog
Fields and roads were submerged by rising water in Kolhapur.,flood
A dense cloud of dust moved across the district near Kolhapur.,dust_storm
High temperatures continued for another day across Nagpur.,heatwave
Frequent cloud to ground lightning was reported in parts of Nashik.,lightning
The weather report lacked enough detail for a specific category in Aurangabad.,other
Thunderstorm cells moved across the city across Pune.,thunderstorm
"According to weather observations, intermittent rain affected the district across Nagpur.",rainfall
Severe heat conditions affected several cities around Nagpur.,heatwave
Severe heat conditions affected several cities in parts of Pune.,heatwave
The district received moderate rainfall across Nashik.,rainfall
Thunderstorm cells moved across the city in parts of Satara.,thunderstorm
A weather-related observation was received with insufficient context across Nagpur.,other
The report did not provide enough evidence to classify the event around Satara.,other
"According to weather observations, lightning was detected by monitoring stations around Mumbai.",lightning
"According to weather observations, a general weather disturbance was reported in the area in parts of Aurangabad.",other
Morning fog limited visibility in several locations around Satara.,fog
"According to weather observations, an unidentified weather disturbance was observed around Kolhapur.",other
Multiple lightning strikes occurred within a short period near Nashik.,lightning
The district received moderate rainfall across Satara.,rainfall
Strong gusts carried dust across open areas across Nagpur.,dust_storm
"According to weather observations, the district reported widespread water inundation in Aurangabad.",flood
The district experienced repeated thunderstorm activity across Nashik.,thunderstorm
A thick fog layer formed across the valley near Aurangabad.,fog
"According to weather observations, a local atmospheric event was reported without classification details across Kolhapur.",other
Airborne dust reduced visibility across highways in Nashik.,dust_storm
"According to weather observations, a prolonged period of dangerous heat was reported around Nashik.",heatwave
A general weather disturbance was reported in the area around Kolhapur.,other
Farmers reported crop damage from hail in parts of Aurangabad.,hailstorm
The region experienced an intense thunderstorm in Mumbai.,thunderstorm
The report did not provide enough evidence to classify the event around Aurangabad.,other
The district reported poor visibility caused by fog in Pune.,fog
A tropical cyclone affected several coastal districts around Mumbai.,cyclone
Lightning strikes were recorded at multiple locations in parts of Mumbai.,lightning
Monitoring stations reported reduced visibility from fog in parts of Nagpur.,fog
Several fields were damaged by falling hail in parts of Thane.,hailstorm
Gale force winds were reported in the area in parts of Nashik.,strong_wind
Dense fog reduced visibility near the city in Satara.,fog
Temperatures stayed well above the seasonal average across Nagpur.,heatwave
Satellite observations showed a well organized cyclone in parts of Thane.,cyclone
The city experienced unusually intense heat across Nashik.,heatwave
Lightning was observed over nearby villages in parts of Nagpur.,lightning
The region experienced persistent extreme heat near Nagpur.,heatwave
Rainfall totals were unusually high in the area in parts of Kolhapur.,heavy_rainfall
Residents were moved from flooded low lying areas in parts of Kolhapur.,flood
Repeated lightning strikes were reported overnight near Aurangabad.,lightning
"According to weather observations, severe storm activity was observed at multiple stations across Thane.",thunderstorm
"According to weather observations, torrential rain was reported during the evening in parts of Satara.",heavy_rainfall
A spell of heavy rain affected the district near Aurangabad.,heavy_rainfall
The area experienced periods of rain across Satara.,rainfall
"According to weather observations, blowing dust covered several parts of the city in Nashik.",dust_storm
A dust storm was reported during the afternoon in parts of Pune.,dust_storm
A severe heat event affected multiple districts in Mumbai.,heatwave
"According to weather observations, occasional showers were reported overnight in parts of Nashik.",rainfall
Flooding disrupted traffic across the district around Kolhapur.,flood
Hail was recorded during severe convective activity near Kolhapur.,hailstorm
Local reports indicate that heavy showers continued across the region across Mumbai.,heavy_rainfall
Dangerously hot conditions were observed across the area around Nagpur.,heatwave
Frequent lightning was reported during the storm around Satara.,lightning
A spell of heavy rain affected the district near Thane.,heavy_rainfall
A spell of heavy rain affected the district near Mumbai.,heavy_rainfall
Multiple stations recorded heavy precipitation across Thane.,heavy_rainfall
Thunderstorm conditions persisted for nearly an hour near Kolhapur.,thunderstorm
High wind speeds affected several communities across Aurangabad.,strong_wind
The district experienced a strong spell of rainfall in Nashik.,heavy_rainfall
Residents reported heavy dust in the air in Nashik.,dust_storm
The area experienced severe flooding after water levels increased near Nashik.,flood
Weather stations recorded exceptionally high temperatures around Mumbai.,heatwave
Thick fog covered the area during the morning around Nagpur.,fog
A thick dust plume was observed near the city around Nagpur.,dust_storm
Local reports indicate that extremely high temperatures affected the district across Nagpur.,heatwave
"According to weather observations, thick mist and fog were observed before sunrise in Kolhapur.",fog
"According to weather observations, monitoring stations reported reduced visibility from fog in Pune.",fog
"According to weather observations, rainfall totals were unusually high in the area around Nagpur.",heavy_rainfall
Heavy rain caused severe water accumulation on roads around Pune.,heavy_rainfall
"According to weather observations, an unidentified weather disturbance was observed across Pune.",other
A severe heat event affected multiple districts in parts of Kolhapur.,heatwave
"According to weather observations, the region recorded unusually high wind speeds around Nagpur.",strong_wind
Rainfall intensity remained high throughout the night across Aurangabad.,heavy_rainfall
Lightning was observed over nearby villages across Pune.,lightning
Hot weather persisted for several consecutive days in parts of Nagpur.,heatwave
"According to weather observations, an unspecified weather event was recorded in parts of Thane.",other
Local reports indicate that rain showers affected normal visibility briefly near Aurangabad.,rainfall
A powerful cyclone was observed over the sea in Satara.,cyclone
Thunderstorm activity developed during the evening around Satara.,thunderstorm
The available information was insufficient for a precise classification in parts of Mumbai.,other
Frequent lightning was reported during the storm near Aurangabad.,lightning
Satellite observations showed a well organized cyclone in parts of Satara.,cyclone
Local reports indicate that strong hailfall was reported across the region around Pune.,hailstorm
Heavy precipitation persisted into the morning in parts of Mumbai.,heavy_rainfall
Dusty winds disrupted visibility and travel around Mumbai.,dust_storm
Weather stations recorded measurable rainfall in parts of Mumbai.,rainfall
Lightning activity increased during the evening near Satara.,lightning
A moving dust front reached several villages near Nagpur.,dust_storm
Local reports indicate that extremely high temperatures affected the district around Mumbai.,heatwave
A weather-related observation was received with insufficient context in Kolhapur.,other
A local atmospheric event was reported without classification details across Aurangabad.,other
The region remained under severe heat conditions in parts of Mumbai.,heatwave
Rain was recorded at nearby observation stations near Nagpur.,rainfall
Flood conditions affected communities along the river around Satara.,flood
Extremely high temperatures affected the district in Mumbai.,heatwave
The city experienced unusually intense heat in parts of Satara.,heatwave
"According to weather observations, dusty winds disrupted visibility and travel in parts of Kolhapur.",dust_storm
Homes in low lying areas were inundated around Thane.,flood
Dust storm conditions persisted for several hours across Kolhapur.,dust_storm
Lightning was detected by monitoring stations near Thane.,lightning
Frequent lightning was reported during the storm near Satara.,lightning
Rainfall totals were unusually high in the area near Kolhapur.,heavy_rainfall
Very strong winds were observed near the coast in parts of Pune.,strong_wind
Residents reported unusually powerful winds near Nashik.,strong_wind
Flooding blocked access to several roads near Thane.,flood
A localized thunderstorm affected nearby communities in parts of Aurangabad.,thunderstorm
A line of thunderstorms passed through the area across Pune.,thunderstorm
The district experienced repeated thunderstorm activity in parts of Satara.,thunderstorm
A hail event affected agricultural areas near Satara.,hailstorm
Rain was observed at multiple locations around Mumbai.,rainfall
"According to weather observations, several villages were affected by flooding around Nagpur.",flood
Extreme rainfall was observed at several stations in parts of Nashik.,heavy_rainfall
Very strong winds were observed near the coast near Nashik.,strong_wind
Several fields were damaged by falling hail across Nagpur.,hailstorm
Heat conditions remained severe through the afternoon near Thane.,heatwave
Dusty winds disrupted visibility and travel in parts of Pune.,dust_storm
Several fields were damaged by falling hail in Kolhapur.,hailstorm
The region experienced an intense thunderstorm near Mumbai.,thunderstorm
The region experienced widespread lightning discharges in Satara.,lightning
Several signs and branches were damaged by wind around Aurangabad.,strong_wind
Dust storm conditions persisted for several hours across Nagpur.,dust_storm
The incident requires additional information for classification in Thane.,other
Dangerously hot conditions were observed across the area in Kolhapur.,heatwave
Flood water entered shops and residential areas across Thane.,flood
The district experienced a sustained heatwave around Nashik.,heatwave
A layer of fog persisted over the district around Satara.,fog
The report did not provide enough evidence to classify the event in Mumbai.,other
"According to weather observations, residents reported large pieces of hail across Nagpur.",hailstorm
The region experienced persistent extreme heat in Satara.,heatwave
Strong winds lifted dust over several areas in parts of Thane.,dust_storm
The district experienced a strong spell of rainfall around Kolhapur.,heavy_rainfall
Local reports indicate that a moving dust front reached several villages near Kolhapur.,dust_storm
A cyclone warning was issued for coastal areas in parts of Satara.,cyclone
Dense morning fog covered several roads around Satara.,fog
Persistent fog covered low lying areas near Aurangabad.,fog
The coastal region prepared for an approaching cyclone near Satara.,cyclone
A developing thunderstorm moved toward the city in Thane.,thunderstorm
Strong electrical activity was observed in the clouds in parts of Pune.,lightning
"According to weather observations, the district experienced a strong spell of rainfall in Kolhapur.",heavy_rainfall
High wind speeds affected several communities in Satara.,strong_wind
Thunderstorm cells moved across the city around Pune.,thunderstorm
"According to weather observations, several villages received light to moderate rain across Nashik.",rainfall
Residents reported heavy dust in the air near Kolhapur.,dust_storm
Rain was observed at multiple locations across Aurangabad.,rainfall
The cyclone moved closer to the coast in parts of Kolhapur.,cyclone
A weather-related observation was received with insufficient context in Nashik.,other
Local reports indicate that satellite observations showed a well organized cyclone near Thane.,cyclone
Large hail was reported in the area across Nagpur.,hailstorm
Dense fog remained until late morning in Mumbai.,fog
"According to weather observations, the district experienced damaging wind gusts in parts of Thane.",strong_wind
High wind speeds affected several communities in parts of Kolhapur.,strong_wind
The storm produced significant hail damage in Mumbai.,hailstorm
Power infrastructure was affected by high winds in parts of Mumbai.,strong_wind
Airborne dust reduced visibility across highways in parts of Nashik.,dust_storm
Storm activity intensified over the region around Mumbai.,thunderstorm
Moderate rain occurred in several areas in parts of Nagpur.,rainfall
A short but intense hailstorm affected the area around Aurangabad.,hailstorm
Local reports indicate that a weather incident was reported without specific measurements near Kolhapur.,other
"According to weather observations, the river crossed its danger level and flooded nearby areas near Mumbai.",flood
Wind speeds reached dangerous levels in the region in parts of Nashik.,strong_wind
Strong gusts carried dust across open areas in Satara.,dust_storm
The available report did not clearly identify the weather event near Pune.,other
Severe heat conditions affected several cities in Satara.,heatwave
Ice pellets fell during the afternoon storm near Nashik.,hailstorm
A sudden dust storm swept across the region in Nashik.,dust_storm
The area experienced blowing dust during strong winds near Thane.,dust_storm
Local reports indicate that the region received exceptionally high rainfall near Nagpur.,heavy_rainfall
Severe convective storms were observed near the district near Nashik.,thunderstorm
The report contained limited information about the observed conditions across Nashik.,other
"According to weather observations, farmers reported crop damage from hail across Thane.",hailstorm
Morning fog limited visibility in several locations in parts of Aurangabad.,fog
High wind speeds affected several communities in parts of Pune.,strong_wind
Hailstones were observed near multiple villages in Thane.,hailstorm
A severe thunderstorm affected the district across Nagpur.,thunderstorm
Thunder was heard as a storm crossed the area in parts of Nashik.,thunderstorm
"According to weather observations, a local weather anomaly was reported without further details in Pune.",other
Strong winds accompanied the approaching cyclone across Aurangabad.,cyclone
The cyclone produced hazardous conditions near the coast near Satara.,cyclone
"According to weather observations, weather conditions were reported with incomplete information around Nashik.",other
"According to weather observations, a dust storm was reported during the afternoon in Aurangabad.",dust_storm
Several parts of the region experienced rain around Satara.,rainfall
A thick fog layer formed across the valley across Aurangabad.,fog
Residents reported heavy dust in the air in parts of Kolhapur.,dust_storm
Strong gusts carried dust across open areas near Nashik.,dust_storm
Strong thunderstorms were reported across the region around Pune.,thunderstorm
Storm activity intensified over the region in Nagpur.,thunderstorm
A general weather event was reported without a specific hazard in parts of Kolhapur.,other
Dusty winds disrupted visibility and travel in parts of Aurangabad.,dust_storm
The area experienced sustained strong winds in Nashik.,strong_wind
A severe thunderstorm affected the district near Satara.,thunderstorm
A cyclonic storm moved northward over the sea in parts of Kolhapur.,cyclone
Electrical storm activity was detected across the region in parts of Satara.,lightning
Repeated lightning strikes were reported overnight across Pune.,lightning
Fields and roads were submerged by rising water around Aurangabad.,flood
A sudden dust storm swept across the region in parts of Kolhapur.,dust_storm
Heavy hail damaged agricultural fields across Aurangabad.,hailstorm
Foggy weather affected road traffic across Satara.,fog
Local reports indicate that scattered rainfall was recorded in the region near Mumbai.,rainfall
Thunderstorm conditions persisted for nearly an hour in parts of Aurangabad.,thunderstorm
Strong winds disrupted outdoor operations in parts of Thane.,strong_wind
Severe heat conditions affected several cities around Aurangabad.,heatwave
Steady rain continued for several hours in Thane.,rainfall
A cyclone caused severe weather along the coast near Thane.,cyclone
Strong gusts carried dust across open areas in parts of Pune.,dust_storm
Frequent cloud to ground lightning was reported in Aurangabad.,lightning
Daytime temperatures crossed extreme levels in parts of Thane.,heatwave
"According to weather observations, the region experienced widespread lightning discharges across Thane.",lightning
Strong gusts caused branches to fall on roads in parts of Aurangabad.,strong_wind
A dense cloud of dust moved across the district in parts of Satara.,dust_storm
"According to weather observations, a hailstorm damaged crops in several villages around Nashik.",hailstorm
Rain was recorded at nearby observation stations across Thane.,rainfall
A thick fog layer formed across the valley across Pune.,fog
Emergency teams prepared for the incoming cyclone in Aurangabad.,cyclone
High wind speeds affected several communities near Mumbai.,strong_wind
Fog affected transportation across the region around Thane.,fog
Dusty winds disrupted visibility and travel in Kolhapur.,dust_storm
"According to weather observations, overflowing water isolated several villages in parts of Kolhapur.",flood
A prolonged hot spell affected local communities around Pune.,heatwave
The district received moderate rainfall in parts of Pune.,rainfall
"According to weather observations, the area experienced severe flooding after water levels increased around Kolhapur.",flood
Visibility dropped sharply because of dense fog around Thane.,fog
Residents reported unusually powerful winds across Satara.,strong_wind
Homes in low lying areas were inundated across Nashik.,flood
Heat conditions remained severe through the afternoon around Pune.,heatwave
"According to weather observations, severe heat conditions affected several cities near Pune.",heatwave
The storm produced significant hail damage in parts of Satara.,hailstorm
The region experienced persistent extreme heat in Kolhapur.,heatwave
Persistent heavy rain affected multiple parts of the city near Satara.,heavy_rainfall
Multiple homes were surrounded by flood water near Mumbai.,flood
Multiple homes were surrounded by flood water around Nashik.,flood
Several trees were damaged by strong winds in Nagpur.,strong_wind
The region experienced persistent extreme heat around Pune.,heatwave
Temperatures remained unusually high across the region near Mumbai.,heatwave
Storm activity intensified over the region in parts of Nagpur.,thunderstorm
A storm with thunder affected several locations across Nashik.,thunderstorm
Local reports indicate that the cyclone moved closer to the coast in parts of Aurangabad.,cyclone
Rainfall activity increased during the evening around Kolhapur.,rainfall
River water overflowed into nearby settlements in Aurangabad.,flood
A prolonged hot spell affected local communities across Kolhapur.,heatwave
Local reports indicate that very strong winds were observed near the coast in parts of Thane.,strong_wind
The district reported widespread water inundation near Nashik.,flood
Hot weather persisted for several consecutive days across Nagpur.,heatwave
Fog affected transportation across the region in Satara.,fog
The cyclone remained under close weather monitoring in Aurangabad.,cyclone
The region experienced widespread lightning discharges near Pune.,lightning
A weather incident was reported without specific measurements near Pune.,other
"According to weather observations, severe heat conditions affected several cities around Satara.",heatwave
"According to weather observations, strong electrical activity was observed in the clouds near Nagpur.",lightning
"According to weather observations, a prolonged period of dangerous heat was reported near Nagpur.",heatwave
Hail was recorded during severe convective activity around Kolhapur.,hailstorm
The incident requires additional information for classification around Aurangabad.,other
"According to weather observations, airborne dust reduced visibility across highways in Satara.",dust_storm
"According to weather observations, weather conditions were reported with incomplete information in Satara.",other
Temperatures stayed well above the seasonal average around Thane.,heatwave
A sudden hailstorm damaged crops and vehicles across Kolhapur.,hailstorm
A severe thunderstorm affected the district around Aurangabad.,thunderstorm
The district experienced intense lightning activity in Kolhapur.,lightning
A localized thunderstorm affected nearby communities around Kolhapur.,thunderstorm
Unusual atmospheric conditions were mentioned in the report in Satara.,other
"According to weather observations, blowing dust covered several parts of the city in Satara.",dust_storm
The district reported widespread water inundation in Thane.,flood
Moderate rainfall was observed near the city in parts of Pune.,rainfall
The incident requires additional information for classification across Nashik.,other
Extreme daytime heat was reported across the district across Thane.,heatwave
"According to weather observations, lightning activity increased during the evening across Kolhapur.",lightning
A layer of fog persisted over the district in Nashik.,fog
An unusual condition was noted by observers in Mumbai.,other
"According to weather observations, a general weather disturbance was reported in the area across Pune.",other
Rain showers affected normal visibility briefly in parts of Kolhapur.,rainfall
Thunderstorm cells moved across the city across Aurangabad.,thunderstorm
Heavy showers continued across the region around Satara.,heavy_rainfall
Several parts of the region experienced rain in Aurangabad.,rainfall
Strong electrical activity was observed in the clouds near Thane.,lightning
Local reports indicate that the district experienced damaging wind gusts around Aurangabad.,strong_wind
Thunderstorm conditions persisted for nearly an hour in parts of Nagpur.,thunderstorm
Residents reported repeated lightning strikes in Satara.,lightning
Overflowing water isolated several villages near Thane.,flood
"According to weather observations, steady rain continued for several hours near Mumbai.",rainfall
The district received moderate rainfall near Thane.,rainfall
Flooding disrupted traffic across the district around Nagpur.,flood
"According to weather observations, several neighborhoods remained under flood water in Nashik.",flood
Residents reported heavy dust in the air around Nashik.,dust_storm
Local reports indicate that temperatures stayed well above the seasonal average around Thane.,heatwave
A prolonged period of dangerous heat was reported near Aurangabad.,heatwave
The cyclone moved closer to the coast around Aurangabad.,cyclone
The region remained under severe heat conditions across Thane.,heatwave
An unusual condition was noted by observers around Aurangabad.,other
Hailfall affected several parts of the district near Thane.,hailstorm
Several trees were damaged by strong winds around Thane.,strong_wind
High wind speeds affected several communities across Satara.,strong_wind
The region was affected by a strong dust storm around Pune.,dust_storm
An unidentified weather disturbance was observed around Mumbai.,other
Local reports indicate that hailstones accumulated on roads and open ground across Thane.,hailstorm
"According to weather observations, a weather related incident was reported without sufficient details in Thane.",other
The report contained limited information about the observed conditions near Pune.,other
Heavy showers continued across the region in parts of Satara.,heavy_rainfall
The river crossed its danger level and flooded nearby areas around Pune.,flood
Hailstones covered roads after the storm near Nashik.,hailstorm
Persistent fog covered low lying areas across Thane.,fog
Local reports indicate that strong thunderstorms were reported across the region around Thane.,thunderstorm
A tropical cyclone affected several coastal districts in parts of Satara.,cyclone
Strong winds damaged trees across the district in parts of Pune.,strong_wind
Monitoring stations reported reduced visibility from fog around Mumbai.,fog
A prolonged hot spell affected local communities in parts of Satara.,heatwave
Foggy conditions affected early morning travel in parts of Nagpur.,fog
Moderate rain occurred in several areas in Satara.,rainfall
The district reported poor visibility caused by fog across Thane.,fog
The report did not provide enough evidence to classify the event near Aurangabad.,other
The region experienced an intense thunderstorm around Mumbai.,thunderstorm
The event description did not identify a specific weather hazard across Nashik.,other
Moderate rainfall was observed near the city across Aurangabad.,rainfall
Hail was recorded during severe convective activity across Thane.,hailstorm
High temperatures continued for another day near Nagpur.,heatwave
Several trees were damaged by strong winds in Nashik.,strong_wind
Wind conditions became severe during the storm around Thane.,strong_wind
"According to weather observations, temperatures remained unusually high across the region around Nashik.",heatwave
"According to weather observations, the region experienced scattered showers around Satara.",rainfall
An unidentified weather disturbance was observed across Nashik.,other
Several areas reported visible lightning flashes in Thane.,lightning
Local reports indicate that river water overflowed into nearby settlements in Nagpur.,flood
Dust storm conditions persisted for several hours in Kolhapur.,dust_storm
Several lightning flashes were seen near the city in parts of Mumbai.,lightning
Dangerously hot conditions were observed across the area in parts of Nagpur.,heatwave
A thick fog layer formed across the valley in parts of Mumbai.,fog
Homes in low lying areas were inundated in parts of Thane.,flood
Severe storm activity was observed at multiple stations in Nashik.,thunderstorm
Intermittent rain affected the district across Nashik.,rainfall
Multiple lightning strikes occurred within a short period across Kolhapur.,lightning
Dense fog was observed at multiple stations around Nashik.,fog
Farmers reported crop damage from hail around Nagpur.,hailstorm
"According to weather observations, heavy precipitation persisted into the morning around Thane.",heavy_rainfall
Intense precipitation affected transportation across the city in parts of Nagpur.,heavy_rainfall
Heavy fog was reported around the airport near Nagpur.,fog
Thick mist and fog were observed before sunrise in parts of Mumbai.,fog
A localized thunderstorm affected nearby communities across Nagpur.,thunderstorm
Rain was recorded at nearby observation stations in Kolhapur.,rainfall
"According to weather observations, foggy weather affected road traffic across Aurangabad.",fog
"According to weather observations, a strong storm system affected several villages near Aurangabad.",thunderstorm
The district experienced intense lightning activity across Pune.,lightning
Winds increased significantly during the evening in Kolhapur.,strong_wind
"According to weather observations, the area experienced periods of rain around Nagpur.",rainfall
Hailstones covered roads after the storm around Kolhapur.,hailstorm
Heat conditions remained severe through the afternoon across Aurangabad.,heatwave
Large amounts of rain fell across the region across Nagpur.,heavy_rainfall
Local reports indicate that flooding blocked access to several roads in parts of Mumbai.,flood
"According to weather observations, foggy conditions affected early morning travel in parts of Nagpur.",fog
Frequent cloud to ground lightning was reported across Nagpur.,lightning
Ice pellets fell during the afternoon storm in parts of Kolhapur.,hailstorm
Continuous rain produced substantial surface runoff in parts of Aurangabad.,heavy_rainfall
Residents reported light rainfall in the area across Thane.,rainfall
Hailstones fell across the district during the storm in parts of Kolhapur.,hailstorm
Large hail was reported in the area across Pune.,hailstorm
The district experienced a sustained heatwave near Kolhapur.,heatwave
Storm activity intensified over the region in parts of Satara.,thunderstorm
"According to weather observations, lightning activity continued throughout the storm across Kolhapur.",lightning
Strong electrical activity was observed in the clouds near Satara.,lightning
The available information was insufficient for a precise classification in parts of Pune.,other
"According to weather observations, rain was observed at multiple locations in parts of Aurangabad.",rainfall
A hailstorm damaged crops in several villages in parts of Pune.,hailstorm
Local reports indicate that strong gusts caused branches to fall on roads across Mumbai.,strong_wind
The district experienced intense lightning activity in Nagpur.,lightning
Local reports indicate that the storm produced significant hail damage across Kolhapur.,hailstorm
"According to weather observations, strong winds accompanied the approaching cyclone in parts of Satara.",cyclone
Rain showers affected normal visibility briefly across Satara.,rainfall
"According to weather observations, a general weather disturbance was reported in the area around Nagpur.",other
"According to weather observations, the event description did not identify a specific weather hazard near Satara.",other
High temperatures continued for another day in parts of Pune.,heatwave
Gale force winds were reported in the area in parts of Aurangabad.,strong_wind
Local reports indicate that the report described unusual conditions but lacked a clear event type in parts of Mumbai.,other
A dust storm reduced visibility across the district near Kolhapur.,dust_storm
Local reports indicate that a large dust cloud moved through the region near Aurangabad.,dust_storm
"According to weather observations, a sudden hailstorm damaged crops and vehicles in Kolhapur.",hailstorm
A storm with thunder affected several locations in parts of Aurangabad.,thunderstorm
Cyclonic winds affected coastal districts in parts of Satara.,cyclone
A number of lightning discharges occurred in the region in Nagpur.,lightning
A cyclonic storm moved northward over the sea around Thane.,cyclone
A spell of heavy rain affected the district around Nagpur.,heavy_rainfall
The cyclone was expected to affect coastal communities near Pune.,cyclone
A weather incident was reported without specific measurements in parts of Thane.,other
"According to weather observations, a moving dust front reached several villages in Aurangabad.",dust_storm
"According to weather observations, heavy rain caused severe water accumulation on roads across Nagpur.",heavy_rainfall
Strong winds damaged trees across the district in parts of Aurangabad.,strong_wind
High wind speeds affected several communities around Mumbai.,strong_wind
Local reports indicate that a prolonged period of heavy rain was reported across Aurangabad.,heavy_rainfall
Weather conditions were reported with incomplete information in parts of Mumbai.,other
Lightning was detected by monitoring stations in Aurangabad.,lightning
"According to weather observations, strong winds accompanied the approaching cyclone in Satara.",cyclone
Continuous rain produced substantial surface runoff in Kolhapur.,heavy_rainfall
Local reports indicate that foggy conditions affected early morning travel near Thane.,fog
"According to weather observations, the event description did not identify a specific weather hazard across Aurangabad.",other
A weather-related observation was received with insufficient context near Satara.,other
Persistent fog covered low lying areas in Kolhapur.,fog
Several lightning flashes were seen near the city in parts of Pune.,lightning
"According to weather observations, morning fog limited visibility in several locations across Aurangabad.",fog
"According to weather observations, thunderstorm activity developed during the evening in Pune.",thunderstorm
Several areas reported visible lightning flashes around Kolhapur.,lightning
Heavy precipitation persisted into the morning in Nagpur.,heavy_rainfall
Fields and roads were submerged by rising water near Thane.,flood
Lightning activity increased during the evening near Pune.,lightning
A line of thunderstorms passed through the area across Satara.,thunderstorm
"According to weather observations, monitoring systems recorded numerous lightning events across Mumbai.",lightning
The incident requires additional information for classification near Nagpur.,other
A dust storm was reported during the afternoon near Aurangabad.,dust_storm
Local reports indicate that satellite observations showed a well organized cyclone around Kolhapur.,cyclone
A short but intense hailstorm affected the area across Nashik.,hailstorm
Thunderstorms disrupted outdoor activities in the district in parts of Nagpur.,thunderstorm
Several areas experienced dense fog conditions near Satara.,fog
A line of thunderstorms passed through the area in Nashik.,thunderstorm
Monitoring stations reported reduced visibility from fog in Pune.,fog
A sudden dust storm swept across the region around Mumbai.,dust_storm
Unusual atmospheric conditions were mentioned in the report in parts of Pune.,other
"According to weather observations, the district experienced intense lightning activity across Satara.",lightning
Residents reported large pieces of hail in Nashik.,hailstorm
Electrical storm activity was detected across the region across Nashik.,lightning
Persistent fog covered low lying areas in parts of Aurangabad.,fog
"According to weather observations, strong gusts caused branches to fall on roads near Nagpur.",strong_wind
Hailstones covered roads after the storm in Aurangabad.,hailstorm
Several signs and branches were damaged by wind in Kolhapur.,strong_wind
Moderate rainfall was observed near the city near Kolhapur.,rainfall
Frequent cloud to ground lightning was reported in Satara.,lightning
Farmers reported crop damage from hail near Nashik.,hailstorm
Persistent fog covered low lying areas across Satara.,fog
Monitoring systems recorded numerous lightning events near Pune.,lightning
Intense precipitation affected transportation across the city near Nashik.,heavy_rainfall
Frequent lightning was reported during the storm near Thane.,lightning
Fog affected transportation across the region in Nashik.,fog
Storm activity intensified over the region around Pune.,thunderstorm
Storm clouds and thunder were reported by residents in parts of Kolhapur.,thunderstorm
Strong winds lifted dust over several areas near Nagpur.,dust_storm
"According to weather observations, lightning strikes were recorded at multiple locations in parts of Kolhapur.",lightning
The district experienced a sustained heatwave across Mumbai.,heatwave
Authorities monitored a developing tropical cyclone in parts of Satara.,cyclone
"According to weather observations, the area experienced periods of rain around Pune.",rainfall
The region experienced scattered showers near Satara.,rainfall
A short but intense hailstorm affected the area near Mumbai.,hailstorm
Very strong winds were observed near the coast across Aurangabad.,strong_wind
A powerful cyclone was observed over the sea near Thane.,cyclone
Authorities monitored a developing tropical cyclone around Kolhapur.,cyclone
"According to weather observations, a cyclonic storm moved northward over the sea across Thane.",cyclone
Rain showers were observed during the afternoon in parts of Mumbai.,rainfall
A developing thunderstorm moved toward the city around Satara.,thunderstorm
Local reports indicate that temperatures remained unusually high across the region in Aurangabad.,heatwave
A general weather event was reported without a specific hazard near Pune.,other
Local reports indicate that thunderstorm conditions persisted for nearly an hour in Thane.,thunderstorm
Airborne dust reduced visibility across highways around Satara.,dust_storm
Rainfall activity increased during the evening in Pune.,rainfall
The area experienced sustained strong winds across Thane.,strong_wind
"According to weather observations, a weather incident was reported without specific measurements across Mumbai.",other
Several signs and branches were damaged by wind around Thane.,strong_wind
The region remained under severe heat conditions in Satara.,heatwave
The region experienced an intense thunderstorm near Thane.,thunderstorm
Fields and roads were submerged by rising water near Pune.,flood
Local reports indicate that strong gusts caused branches to fall on roads in parts of Nashik.,strong_wind
Blowing dust covered several parts of the city around Satara.,dust_storm
Rainfall was reported from multiple locations in parts of Kolhapur.,rainfall
A strong storm system affected several villages in parts of Thane.,thunderstorm
A prolonged period of heavy rain was reported across Pune.,heavy_rainfall
Local reports indicate that hailstones accumulated on roads and open ground around Nashik.,hailstorm
A dense cloud of dust moved across the district in parts of Mumbai.,dust_storm
Local reports indicate that extremely high temperatures affected the district in Nashik.,heatwave
A local weather anomaly was reported without further details near Thane.,other
Weather stations recorded measurable rainfall in Aurangabad.,rainfall
Lightning was detected by monitoring stations around Aurangabad.,lightning
Residents reported light rainfall in the area around Aurangabad.,rainfall
"According to weather observations, several signs and branches were damaged by wind near Thane.",strong_wind
A hailstorm damaged crops in several villages around Mumbai.,hailstorm
Several stations recorded record high temperatures in Thane.,heatwave
Cyclonic winds affected coastal districts in parts of Nagpur.,cyclone
"According to weather observations, a widespread dust event affected the district around Mumbai.",dust_storm
Thunderstorm conditions persisted for nearly an hour in Thane.,thunderstorm
The district reported widespread water inundation around Satara.,flood
A dust storm was reported during the afternoon across Nashik.,dust_storm
Several villages were affected by flooding around Thane.,flood
Rain was observed at multiple locations in parts of Satara.,rainfall
Weather stations recorded exceptionally high temperatures in parts of Nagpur.,heatwave
Heavy rain caused severe water accumulation on roads in parts of Satara.,heavy_rainfall
Strong electrical activity was observed in the clouds in Nagpur.,lightning
The event description did not identify a specific weather hazard in Thane.,other
Several fields were damaged by falling hail across Satara.,hailstorm
An unusual condition was noted by observers in parts of Thane.,other
"According to weather observations, weather stations recorded exceptionally high temperatures in parts of Kolhapur.",heatwave
Power lines were affected by powerful wind gusts around Aurangabad.,strong_wind
Local reports indicate that river overflow caused inundation in nearby communities near Pune.,flood
Several parts of the region experienced rain near Aurangabad.,rainfall
"According to weather observations, rainfall totals were unusually high in the area across Pune.",heavy_rainfall
Monitoring systems recorded numerous lightning events across Nagpur.,lightning
"According to weather observations, the district experienced damaging wind gusts near Mumbai.",strong_wind
Water covered roads and entered local houses near Nashik.,flood
Gale force winds were reported in the area near Aurangabad.,strong_wind
Power lines were affected by powerful wind gusts in Satara.,strong_wind
Thick fog covered the area during the morning in parts of Nashik.,fog
Dense morning fog covered several roads across Thane.,fog
Flooding blocked access to several roads in Kolhapur.,flood
Several stations recorded record high temperatures near Kolhapur.,heatwave
Local reports indicate that continuous rain produced substantial surface runoff in Nashik.,heavy_rainfall
Water inundation was reported in multiple streets in Aurangabad.,flood
"According to weather observations, a weather related incident was reported without sufficient details around Aurangabad.",other
Strong winds disrupted outdoor operations in parts of Nashik.,strong_wind
A cyclone caused severe weather along the coast near Mumbai.,cyclone
Dust-filled winds affected nearby communities in Kolhapur.,dust_storm
A severe thunderstorm affected the district across Satara.,thunderstorm
The report did not provide enough evidence to classify the event around Nashik.,other
Lightning was detected by monitoring stations across Nashik.,lightning
Hot weather persisted for several consecutive days in parts of Pune.,heatwave
Severe wind conditions disrupted local transport around Thane.,strong_wind
Thunder was heard as a storm crossed the area around Pune.,thunderstorm
A cyclone caused severe weather along the coast around Pune.,cyclone
The district received moderate rainfall in Nagpur.,rainfall
"According to weather observations, the cyclone was expected to affect coastal communities across Kolhapur.",cyclone
Ice pellets fell during the afternoon storm near Pune.,hailstorm
Large amounts of rain fell across the region around Thane.,heavy_rainfall
Airborne dust reduced visibility across highways around Aurangabad.,dust_storm
A strong storm system affected several villages across Aurangabad.,thunderstorm
A short but intense hailstorm affected the area across Kolhapur.,hailstorm
Fields and roads were submerged by rising water in parts of Nagpur.,flood
The district experienced a sustained heatwave near Nashik.,heatwave
Local reports indicate that heavy precipitation persisted into the morning across Thane.,heavy_rainfall
Intense rain continued for several hours around Aurangabad.,heavy_rainfall
Weather stations recorded measurable rainfall in parts of Kolhapur.,rainfall
A hailstorm damaged crops in several villages in Nagpur.,hailstorm
The event description did not identify a specific weather hazard in Satara.,other
Rain was recorded at nearby observation stations in Thane.,rainfall
Dusty winds disrupted visibility and travel in Thane.,dust_storm
Airborne dust reduced visibility across highways around Nashik.,dust_storm
Very strong winds were observed near the coast across Nagpur.,strong_wind
Dense morning fog covered several roads in parts of Thane.,fog
Local reports indicate that farmers reported crop damage from hail around Nashik.,hailstorm
"According to weather observations, the cyclone was expected to affect coastal communities near Kolhapur.",cyclone
Daytime temperatures crossed extreme levels in parts of Pune.,heatwave
"According to weather observations, the district experienced repeated thunderstorm activity near Nagpur.",thunderstorm
Hot weather persisted for several consecutive days in Kolhapur.,heatwave
The area experienced sustained strong winds in Pune.,strong_wind
Intense precipitation affected transportation across the city around Mumbai.,heavy_rainfall
"According to weather observations, hailfall affected several parts of the district in parts of Satara.",hailstorm
Ice pellets fell during the afternoon storm in parts of Nashik.,hailstorm
Dense fog remained until late morning in parts of Pune.,fog
A weather related incident was reported without sufficient details near Mumbai.,other
Frequent cloud to ground lightning was reported in parts of Nagpur.,lightning
Several trees were damaged by strong winds across Nagpur.,strong_wind
An intense heat spell affected the area across Nashik.,heatwave
The report contained limited information about the observed conditions across Mumbai.,other
Local reports indicate that a local atmospheric event was reported without classification details across Nagpur.,other
Residents were moved from flooded low lying areas across Thane.,flood
"According to weather observations, power lines were affected by powerful wind gusts around Kolhapur.",strong_wind
The incident requires additional information for classification around Kolhapur.,other
Torrential rain was reported during the evening in Thane.,heavy_rainfall
Torrential rain was reported during the evening in Mumbai.,heavy_rainfall
Local reports indicate that hailstones covered roads after the storm in Nashik.,hailstorm
The incident requires additional information for classification in Nashik.,other
A widespread dust event affected the district in parts of Nagpur.,dust_storm
The district experienced a sustained heatwave in parts of Nashik.,heatwave
Farmers reported crop damage from hail in parts of Pune.,hailstorm
A layer of fog persisted over the district in Mumbai.,fog
A dust storm was reported during the afternoon in Nagpur.,dust_storm
"According to weather observations, a number of lightning discharges occurred in the region in parts of Nashik.",lightning
Weather stations detected strong convective storm activity across Aurangabad.,thunderstorm
Hailstones fell across the district during the storm near Aurangabad.,hailstorm
The district experienced a strong spell of rainfall in Kolhapur.,heavy_rainfall
A cyclonic storm moved northward over the sea in Nashik.,cyclone
Dense morning fog covered several roads in parts of Aurangabad.,fog
The city received intense rainfall over a short period around Aurangabad.,heavy_rainfall
"According to weather observations, a dust storm reduced visibility across the district around Kolhapur.",dust_storm
Strong gusts carried dust across open areas in Thane.,dust_storm
Hailstones covered roads after the storm near Mumbai.,hailstorm
The region experienced scattered showers in parts of Pune.,rainfall
The region experienced widespread lightning discharges in Pune.,lightning
Several parts of the region experienced rain in parts of Aurangabad.,rainfall
Blowing dust covered several parts of the city near Mumbai.,dust_storm
The district experienced a strong spell of rainfall in parts of Thane.,heavy_rainfall
The tropical system strengthened near the coastline in Mumbai.,cyclone
"According to weather observations, storm activity intensified over the region in Satara.",thunderstorm
Strong electrical activity was observed in the clouds in parts of Mumbai.,lightning
A cyclonic system formed over the Arabian Sea across Mumbai.,cyclone
A spell of heavy rain affected the district in parts of Nagpur.,heavy_rainfall
Storm activity intensified over the region across Thane.,thunderstorm
The available report did not clearly identify the weather event across Kolhapur.,other
Rainfall was reported from multiple locations near Nagpur.,rainfall
Airborne dust reduced visibility across highways in Satara.,dust_storm
Torrential rain was reported during the evening across Pune.,heavy_rainfall
Local reports indicate that flooding disrupted traffic across the district in Satara.,flood
The tropical system strengthened near the coastline in Aurangabad.,cyclone
Local reports indicate that heavy hail damaged agricultural fields across Mumbai.,hailstorm
Several villages were affected by flooding across Kolhapur.,flood
The area experienced periods of rain in Aurangabad.,rainfall
Weather stations recorded measurable rainfall near Nagpur.,rainfall
"According to weather observations, flooding blocked access to several roads near Nashik.",flood
Heavy rain caused severe water accumulation on roads near Kolhapur.,heavy_rainfall
Strong thunderstorms were reported across the region in parts of Satara.,thunderstorm
The available report did not clearly identify the weather event in Aurangabad.,other
A cyclone warning was issued for coastal areas in parts of Mumbai.,cyclone
Dense fog reduced visibility near the city in parts of Thane.,fog
"According to weather observations, a spell of heavy rain affected the district in parts of Nagpur.",heavy_rainfall
"According to weather observations, hail was recorded during severe convective activity around Satara.",hailstorm
Local reports indicate that several areas experienced dense fog conditions around Thane.,fog
Strong hailfall was reported across the region around Nashik.,hailstorm
Dense morning fog covered several roads in Mumbai.,fog
The region experienced a severe hailstorm across Nashik.,hailstorm
The cyclone remained under close weather monitoring near Nashik.,cyclone
Local reports indicate that storm clouds and thunder were reported by residents in Nagpur.,thunderstorm
Thunderstorms disrupted outdoor activities in the district in parts of Satara.,thunderstorm
The area experienced periods of rain in Nashik.,rainfall
"According to weather observations, dense fog remained until late morning near Thane.",fog
Flooding disrupted traffic across the district across Satara.,flood
"According to weather observations, several lightning flashes were seen near the city across Kolhapur.",lightning
"According to weather observations, several villages were affected by flooding near Kolhapur.",flood
A moving dust front reached several villages in Mumbai.,dust_storm
The region experienced a severe hailstorm around Thane.,hailstorm
"According to weather observations, hailfall affected several parts of the district across Aurangabad.",hailstorm
Water covered roads and entered local houses around Satara.,flood
Light rain was reported across the city across Nagpur.,rainfall
A weather related incident was reported without sufficient details in parts of Kolhapur.,other
A dust storm was reported during the afternoon near Thane.,dust_storm
River overflow caused inundation in nearby communities across Nashik.,flood
Dense fog remained until late morning around Pune.,fog
Scattered rainfall was recorded in the region across Aurangabad.,rainfall
An intense heat spell affected the area around Mumbai.,heatwave
Monitoring systems recorded numerous lightning events in Mumbai.,lightning
Several neighborhoods remained under flood water across Aurangabad.,flood
Heavy showers continued across the region in parts of Thane.,heavy_rainfall
Frequent cloud to ground lightning was reported in parts of Aurangabad.,lightning
Residents were moved from flooded low lying areas around Nagpur.,flood
Local reports indicate that heavy precipitation persisted into the morning across Nagpur.,heavy_rainfall
Frequent lightning was reported during the storm in Nashik.,lightning
Strong winds disrupted outdoor operations in parts of Mumbai.,strong_wind
A prolonged hot spell affected local communities around Satara.,heatwave
Farmers reported crop damage from hail in Pune.,hailstorm
Heavy hail damaged agricultural fields in Mumbai.,hailstorm
The incident requires additional information for classification in parts of Satara.,other
Large hail was reported in the area across Mumbai.,hailstorm
Farmers reported crop damage from hail in parts of Nagpur.,hailstorm
Thunderstorm activity increased during the afternoon near Thane.,thunderstorm
Visibility remained poor due to fog in Mumbai.,fog
The cyclone produced hazardous conditions near the coast across Thane.,cyclone
Hailstones accumulated on roads and open ground in parts of Thane.,hailstorm
Persistent fog covered low lying areas around Aurangabad.,fog
A moving dust front reached several villages around Nagpur.,dust_storm
A general weather event was reported without a specific hazard around Nashik.,other
The city received intense rainfall over a short period around Nagpur.,heavy_rainfall
"According to weather observations, a severe thunderstorm affected the district in parts of Pune.",thunderstorm
A severe cyclone approached the coastal region across Aurangabad.,cyclone
"According to weather observations, the cyclone was expected to affect coastal communities in parts of Kolhapur.",cyclone
A local atmospheric event was reported without classification details in Thane.,other
Local reports indicate that winds increased significantly during the evening in Mumbai.,strong_wind
Farmers reported crop damage from hail across Kolhapur.,hailstorm
"According to weather observations, the region received exceptionally high rainfall in parts of Nagpur.",heavy_rainfall
Dense fog was observed at multiple stations across Pune.,fog
Wind conditions became severe during the storm in Aurangabad.,strong_wind
Visibility remained poor due to fog in parts of Aurangabad.,fog
"According to weather observations, extremely high temperatures affected the district across Thane.",heatwave
"According to weather observations, thunderstorm conditions persisted for nearly an hour in Satara.",thunderstorm
The region was affected by a strong dust storm in parts of Pune.,dust_storm
Flood conditions affected communities along the river across Thane.,flood
Heavy showers continued across the region near Satara.,heavy_rainfall
Dust storm conditions persisted for several hours near Aurangabad.,dust_storm
Homes in low lying areas were inundated in parts of Nashik.,flood
An unusual condition was noted by observers across Nashik.,other
Persistent fog covered low lying areas across Aurangabad.,fog
The cyclone was expected to affect coastal communities around Nashik.,cyclone
Roads were submerged after water levels rose across Aurangabad.,flood
The region experienced a severe hailstorm around Aurangabad.,hailstorm
Local reports indicate that thick fog covered the area during the morning across Satara.,fog
Strong gusts damaged temporary structures in parts of Satara.,strong_wind
Local reports indicate that continuous rain produced substantial surface runoff near Pune.,heavy_rainfall
A cyclone caused severe weather along the coast in parts of Thane.,cyclone
The region experienced persistent extreme heat in parts of Aurangabad.,heatwave
Occasional showers were reported overnight in parts of Nagpur.,rainfall
The area experienced sustained strong winds in parts of Aurangabad.,strong_wind
Rain showers were observed during the afternoon around Satara.,rainfall
Foggy weather affected road traffic in Thane.,fog
A general weather event was reported without a specific hazard around Kolhapur.,other
Local reports indicate that intermittent rain affected the district in parts of Pune.,rainfall
The region experienced persistent extreme heat around Aurangabad.,heatwave
The report did not provide enough evidence to classify the event near Pune.,other
"According to weather observations, rain was observed at multiple locations in Nagpur.",rainfall
"According to weather observations, flooding disrupted traffic across the district in parts of Pune.",flood
Local reports indicate that thunderstorm cells moved across the city across Satara.,thunderstorm
Local reports indicate that strong winds disrupted outdoor operations across Satara.,strong_wind
Local reports indicate that morning fog limited visibility in several locations across Aurangabad.,fog
Local reports indicate that several parts of the region experienced rain around Nashik.,rainfall
Severe heat conditions affected several cities in Thane.,heatwave
"According to weather observations, hailstones were observed near multiple villages in parts of Mumbai.",hailstorm
Hailstones fell across the district during the storm in parts of Nashik.,hailstorm
Large hailstones struck rooftops and crops in Thane.,hailstorm
"According to weather observations, several signs and branches were damaged by wind in Kolhapur.",strong_wind
The district reported widespread water inundation in parts of Satara.,flood
Visibility deteriorated because of airborne dust around Kolhapur.,dust_storm
A tropical cyclone affected several coastal districts in Mumbai.,cyclone
The available information was insufficient for a precise classification across Aurangabad.,other
A storm with thunder affected several locations around Aurangabad.,thunderstorm
The cyclone remained under close weather monitoring near Thane.,cyclone
The storm system intensified into a cyclone in Nashik.,cyclone
Unusual atmospheric conditions were mentioned in the report in Mumbai.,other
Very strong winds were observed near the coast near Satara.,strong_wind
Gale force winds were reported in the area around Kolhapur.,strong_wind
The region received exceptionally high rainfall near Thane.,heavy_rainfall
A severe thunderstorm affected the district near Mumbai.,thunderstorm
Local reports indicate that strong hailfall was reported across the region in Kolhapur.,hailstorm
A thick dust plume was observed near the city in parts of Nashik.,dust_storm
The region experienced widespread lightning discharges near Kolhapur.,lightning
Strong electrical activity was observed in the clouds across Nashik.,lightning
Repeated lightning strikes were reported overnight near Mumbai.,lightning
Monitoring stations reported reduced visibility from fog near Aurangabad.,fog
The storm produced significant hail damage near Mumbai.,hailstorm
An unspecified weather event was recorded around Pune.,other
A developing thunderstorm moved toward the city around Mumbai.,thunderstorm
"According to weather observations, persistent heavy rain affected multiple parts of the city in Nashik.",heavy_rainfall
The cyclone was expected to affect coastal communities in Kolhapur.,cyclone
A prolonged hot spell affected local communities across Mumbai.,heatwave
The region experienced scattered showers in parts of Aurangabad.,rainfall
Rain showers affected normal visibility briefly across Nagpur.,rainfall
Water inundation was reported in multiple streets near Nashik.,flood
Flood water entered shops and residential areas near Thane.,flood
Severe convective storms were observed near the district in parts of Satara.,thunderstorm
Light rain was reported across the city near Mumbai.,rainfall
Roads were submerged after water levels rose in Mumbai.,flood
A prolonged period of heavy rain was reported in Thane.,heavy_rainfall
Storm clouds and thunder were reported by residents near Satara.,thunderstorm
"According to weather observations, a cyclonic storm moved northward over the sea in Satara.",cyclone
"According to weather observations, a prolonged period of dangerous heat was reported across Nashik.",heatwave
Flood conditions affected communities along the river across Aurangabad.,flood
Moderate rainfall was observed near the city around Satara.,rainfall
Temperatures remained unusually high across the region in Pune.,heatwave
Thunderstorm activity developed during the evening around Kolhapur.,thunderstorm
Local reports indicate that several areas reported visible lightning flashes across Aurangabad.,lightning
The region received exceptionally high rainfall near Nashik.,heavy_rainfall
A dust storm was reported during the afternoon in Nashik.,dust_storm
Moderate rainfall was observed near the city in parts of Nashik.,rainfall
A general weather disturbance was reported in the area near Nagpur.,other
Light rain was reported across the city near Thane.,rainfall
Rainfall intensity remained high throughout the night near Nagpur.,heavy_rainfall
Frequent cloud to ground lightning was reported near Nashik.,lightning
Intense rain continued for several hours across Mumbai.,heavy_rainfall
Intermittent rain affected the district in Satara.,rainfall
"According to weather observations, extreme daytime heat was reported across the district in Kolhapur.",heatwave
Cyclonic winds affected coastal districts near Satara.,cyclone
"According to weather observations, winds increased significantly during the evening in Nashik.",strong_wind
The district experienced repeated thunderstorm activity near Satara.,thunderstorm
Lightning was detected by monitoring stations around Pune.,lightning
Strong gusts caused branches to fall on roads near Thane.,strong_wind
A moving dust front reached several villages near Thane.,dust_storm
Residents reported large pieces of hail near Thane.,hailstorm
"According to weather observations, high winds caused debris to fall across roads across Nashik.",strong_wind
The coastal region prepared for an approaching cyclone across Kolhapur.,cyclone
Torrential rain was reported during the evening in parts of Nagpur.,heavy_rainfall
"According to weather observations, roads were submerged after water levels rose in Mumbai.",flood
Multiple stations recorded heavy precipitation around Mumbai.,heavy_rainfall
Fields and roads were submerged by rising water in parts of Kolhapur.,flood
"According to weather observations, heavy fog was reported around the airport across Nashik.",fog
Strong winds accompanied the approaching cyclone across Pune.,cyclone
Morning fog limited visibility in several locations near Mumbai.,fog
Flooding disrupted traffic across the district near Thane.,flood
"According to weather observations, the region experienced a severe hailstorm across Thane.",hailstorm
The cyclone moved closer to the coast near Satara.,cyclone
Fields and roads were submerged by rising water across Kolhapur.,flood
Heavy fog was reported around the airport across Pune.,fog
A weather incident was reported without specific measurements across Satara.,other
Severe wind conditions disrupted local transport across Satara.,strong_wind
Fog affected transportation across the region in parts of Pune.,fog
Lightning was observed over nearby villages near Thane.,lightning
The storm produced significant hail damage across Mumbai.,hailstorm
Rain was observed at multiple locations around Nashik.,rainfall
"According to weather observations, weather stations detected strong convective storm activity in Pune.",thunderstorm
Several villages received light to moderate rain near Nashik.,rainfall
Thunderstorm activity developed during the evening in Nagpur.,thunderstorm
Power infrastructure was affected by high winds in Mumbai.,strong_wind
Local reports indicate that gale force winds were reported in the area across Kolhapur.,strong_wind
Local reports indicate that the cyclone produced hazardous conditions near the coast across Satara.,cyclone
Rainfall totals were unusually high in the area near Pune.,heavy_rainfall
Airborne dust reduced visibility across highways across Satara.,dust_storm
An unusual condition was noted by observers around Nagpur.,other
Torrential rain was reported during the evening in Satara.,heavy_rainfall
"According to weather observations, strong winds disrupted outdoor operations in Mumbai.",strong_wind
"According to weather observations, a thick dust plume was observed near the city in Thane.",dust_storm
Persistent fog covered low lying areas in Pune.,fog
Heavy hail damaged agricultural fields across Thane.,hailstorm
The district experienced repeated thunderstorm activity in Kolhapur.,thunderstorm
An intense heat spell affected the area near Mumbai.,heatwave
Cyclonic winds affected coastal districts near Mumbai.,cyclone
"According to weather observations, thunderstorms disrupted outdoor activities in the district in parts of Nagpur.",thunderstorm
Several villages received light to moderate rain across Nashik.,rainfall
The cyclone remained under close weather monitoring in Satara.,cyclone
Strong winds disrupted outdoor operations near Satara.,strong_wind
Moderate rainfall was observed near the city in Mumbai.,rainfall
High winds caused debris to fall across roads in Mumbai.,strong_wind
"According to weather observations, the area experienced periods of rain in parts of Satara.",rainfall
"According to weather observations, rainfall activity increased during the evening around Satara.",rainfall
Dense fog was observed at multiple stations near Satara.,fog
Occasional showers were reported overnight near Nagpur.,rainfall
Local reports indicate that strong winds disrupted outdoor operations in parts of Kolhapur.,strong_wind
Fields and roads were submerged by rising water in Nashik.,flood
Scattered rainfall was recorded in the region across Satara.,rainfall
"According to weather observations, strong gusts caused branches to fall on roads around Aurangabad.",strong_wind
"According to weather observations, high winds caused debris to fall across roads in Mumbai.",strong_wind
A hailstorm damaged crops in several villages near Satara.,hailstorm
Local reports indicate that an unidentified weather disturbance was observed near Nashik.,other
The storm produced significant hail damage around Nashik.,hailstorm
"According to weather observations, fog reduced visibility on major highways around Nagpur.",fog
Residents reported light rainfall in the area in Kolhapur.,rainfall
Local reports indicate that the region experienced scattered showers in Kolhapur.,rainfall
Monitoring systems recorded numerous lightning events in Kolhapur.,lightning
The district experienced repeated thunderstorm activity in Nashik.,thunderstorm
Weather stations recorded measurable rainfall around Aurangabad.,rainfall
Weather stations recorded measurable rainfall around Thane.,rainfall
Local reports indicate that a sudden dust storm swept across the region in parts of Aurangabad.,dust_storm
Cyclonic conditions brought strong winds and rain around Aurangabad.,cyclone
Storm activity intensified over the region in Thane.,thunderstorm
Local reports indicate that homes in low lying areas were inundated around Satara.,flood
Monitoring systems recorded numerous lightning events across Pune.,lightning
A general weather event was reported without a specific hazard around Mumbai.,other
Repeated lightning strikes were reported overnight around Kolhapur.,lightning
A cyclonic system formed over the Arabian Sea across Aurangabad.,cyclone
Weather stations recorded measurable rainfall in Thane.,rainfall
A prolonged period of heavy rain was reported around Kolhapur.,heavy_rainfall
Local reports indicate that morning fog limited visibility in several locations near Aurangabad.,fog
"According to weather observations, flooding disrupted traffic across the district near Pune.",flood
The storm produced significant hail damage near Nashik.,hailstorm
The region experienced an intense thunderstorm around Aurangabad.,thunderstorm
"According to weather observations, dense fog reduced visibility near the city across Thane.",fog
Large hailstones struck rooftops and crops across Satara.,hailstorm
The area experienced sustained strong winds near Aurangabad.,strong_wind
The region experienced scattered showers across Pune.,rainfall
Hailstones covered roads after the storm around Thane.,hailstorm
Storm clouds and thunder were reported by residents in Satara.,thunderstorm
Thunder was heard as a storm crossed the area in Thane.,thunderstorm
A weather incident was reported without specific measurements around Pune.,other
A widespread dust event affected the district near Mumbai.,dust_storm
"According to weather observations, hailstones accumulated on roads and open ground in Nagpur.",hailstorm
Several villages received light to moderate rain near Nagpur.,rainfall
"According to weather observations, intense precipitation affected transportation across the city around Nagpur.",heavy_rainfall
Moderate rainfall was observed near the city in Satara.,rainfall
The district reported widespread water inundation across Nagpur.,flood
"According to weather observations, severe wind conditions disrupted local transport across Satara.",strong_wind
A sudden hailstorm damaged crops and vehicles in parts of Mumbai.,hailstorm
Ice pellets fell during the afternoon storm across Nashik.,hailstorm
Heat conditions remained severe through the afternoon near Nagpur.,heatwave
Lightning activity continued throughout the storm in parts of Kolhapur.,lightning
"According to weather observations, dense fog was observed at multiple stations across Pune.",fog
Weather conditions were reported with incomplete information around Nagpur.,other
The tropical system strengthened near the coastline across Aurangabad.,cyclone
The cyclone remained under close weather monitoring around Satara.,cyclone
The region recorded unusually high wind speeds near Aurangabad.,strong_wind
Storm clouds and thunder were reported by residents around Pune.,thunderstorm
The cyclone was expected to affect coastal communities in parts of Kolhapur.,cyclone
Lightning was detected by monitoring stations near Pune.,lightning
Heavy showers continued across the region in Aurangabad.,heavy_rainfall
Extreme rainfall was observed at several stations in Kolhapur.,heavy_rainfall
The tropical system strengthened near the coastline in Satara.,cyclone
Large hailstones struck rooftops and crops across Thane.,hailstorm
Intense rain continued for several hours in Kolhapur.,heavy_rainfall
Morning fog limited visibility in several locations across Pune.,fog
Local reports indicate that the region recorded unusually high wind speeds around Nagpur.,strong_wind
Farmers reported crop damage from hail around Aurangabad.,hailstorm
The region experienced scattered showers in Kolhapur.,rainfall
Multiple stations recorded heavy precipitation near Satara.,heavy_rainfall
Severe storm activity was observed at multiple stations around Mumbai.,thunderstorm
Local reports indicate that persistent heavy rain affected multiple parts of the city around Pune.,heavy_rainfall
The cyclone remained under close weather monitoring in parts of Kolhapur.,cyclone
Airborne dust reduced visibility across highways across Nagpur.,dust_storm
The available information was insufficient for a precise classification near Mumbai.,other
Moderate rain occurred in several areas near Nagpur.,rainfall
Residents reported large pieces of hail in Thane.,hailstorm
Rain showers affected normal visibility briefly across Thane.,rainfall
A cyclone caused severe weather along the coast across Nagpur.,cyclone
The coastal region prepared for an approaching cyclone around Satara.,cyclone
The tropical system strengthened near the coastline in Nashik.,cyclone
River water overflowed into nearby settlements in Nashik.,flood
Dense fog remained until late morning near Aurangabad.,fog
Several signs and branches were damaged by wind around Kolhapur.,strong_wind
Strong thunderstorms were reported across the region near Kolhapur.,thunderstorm
The storm produced significant hail damage in parts of Kolhapur.,hailstorm
A cyclone warning was issued for coastal areas around Nagpur.,cyclone
"According to weather observations, steady rain continued for several hours across Thane.",rainfall
The area experienced sustained strong winds around Nashik.,strong_wind
Local reports indicate that water inundation was reported in multiple streets around Aurangabad.,flood
Extreme daytime heat was reported across the district in Satara.,heatwave
The region experienced persistent extreme heat near Pune.,heatwave
"According to weather observations, an intense heat spell affected the area near Thane.",heatwave
Moderate rain occurred in several areas around Kolhapur.,rainfall
Foggy weather affected road traffic in Nagpur.,fog
Strong hailfall was reported across the region across Pune.,hailstorm
A storm with thunder affected several locations in Mumbai.,thunderstorm
A sudden dust storm swept across the region around Kolhapur.,dust_storm
The storm system intensified into a cyclone near Aurangabad.,cyclone
"According to weather observations, lightning alerts were issued for several areas around Thane.",lightning
"According to weather observations, monitoring stations reported reduced visibility from fog near Nashik.",fog
Storm clouds and thunder were reported by residents near Nashik.,thunderstorm
"According to weather observations, high wind speeds affected several communities in Pune.",strong_wind
Airborne dust reduced visibility across highways in Nagpur.,dust_storm
"According to weather observations, gale force winds were reported in the area in Pune.",strong_wind
The available information was insufficient for a precise classification across Nagpur.,other
Hailstones were observed near multiple villages across Thane.,hailstorm
Fields and roads were submerged by rising water near Mumbai.,flood
Fields and roads were submerged by rising water in parts of Mumbai.,flood
A severe thunderstorm affected the district in Thane.,thunderstorm
Ice pellets fell during the afternoon storm around Pune.,hailstorm
Torrential rain was reported during the evening near Thane.,heavy_rainfall
Intense precipitation affected transportation across the city in Aurangabad.,heavy_rainfall
A powerful cyclone was observed over the sea near Nagpur.,cyclone
Local reports indicate that dusty conditions affected visibility on roads across Mumbai.,dust_storm
The weather report lacked enough detail for a specific category near Mumbai.,other
Local reports indicate that thunderstorm cells moved across the city across Nagpur.,thunderstorm
"According to weather observations, an intense heat spell affected the area in parts of Pune.",heatwave
Rain showers were observed during the afternoon across Nagpur.,rainfall
Thunderstorm activity developed during the evening across Nagpur.,thunderstorm
A weather related incident was reported without sufficient details around Aurangabad.,other
Severe heat conditions affected several cities around Nashik.,heatwave
Large amounts of rain fell across the region in Satara.,heavy_rainfall
Intense rain continued for several hours around Mumbai.,heavy_rainfall
Power infrastructure was affected by high winds across Nashik.,strong_wind
Cyclonic conditions brought strong winds and rain in Nashik.,cyclone
A local atmospheric event was reported without classification details near Pune.,other
Satellite observations showed a well organized cyclone across Mumbai.,cyclone
A general weather disturbance was reported in the area across Mumbai.,other
Scattered rainfall was recorded in the region near Mumbai.,rainfall
Wind speeds reached dangerous levels in the region in parts of Nagpur.,strong_wind
Wind speeds reached dangerous levels in the region around Nashik.,strong_wind
Weather stations detected strong convective storm activity near Satara.,thunderstorm
Local reports indicate that a prolonged period of heavy rain was reported in parts of Satara.,heavy_rainfall
Strong gusts carried dust across open areas across Aurangabad.,dust_storm
A prolonged period of heavy rain was reported in parts of Nashik.,heavy_rainfall
Blowing dust covered several parts of the city in parts of Mumbai.,dust_storm
Lightning alerts were issued for several areas around Satara.,lightning
"According to weather observations, strong hailfall was reported across the region across Kolhapur.",hailstorm
"According to weather observations, hailstones accumulated on roads and open ground in parts of Pune.",hailstorm
"According to weather observations, hot weather persisted for several consecutive days across Kolhapur.",heatwave
Strong winds disrupted outdoor operations in parts of Pune.,strong_wind
Severe convective storms were observed near the district around Thane.,thunderstorm
The district received moderate rainfall near Pune.,rainfall
"According to weather observations, a storm with thunder affected several locations near Nashik.",thunderstorm
Fields and roads were submerged by rising water across Nagpur.,flood
Local reports indicate that the cyclone was expected to affect coastal communities in parts of Thane.,cyclone
Fog reduced visibility on major highways in parts of Aurangabad.,fog
"According to weather observations, the region remained under severe heat conditions around Thane.",heatwave
The region experienced widespread lightning discharges in Kolhapur.,lightning
A prolonged period of heavy rain was reported in Satara.,heavy_rainfall
Thunderstorm activity developed during the evening in parts of Pune.,thunderstorm
Rainfall intensity remained high throughout the night around Aurangabad.,heavy_rainfall
Residents reported repeated lightning strikes in Kolhapur.,lightning
"According to weather observations, foggy weather affected road traffic near Satara.",fog
Lightning activity continued throughout the storm across Nagpur.,lightning
Flood water entered shops and residential areas across Nashik.,flood
"According to weather observations, a thick fog layer formed across the valley around Aurangabad.",fog
Local reports indicate that the coastal region prepared for an approaching cyclone across Aurangabad.,cyclone
Dust storm conditions persisted for several hours in parts of Nashik.,dust_storm
A prolonged period of dangerous heat was reported around Mumbai.,heatwave
A sudden hailstorm damaged crops and vehicles in parts of Kolhapur.,hailstorm
Dust storm conditions persisted for several hours near Pune.,dust_storm
"According to weather observations, a severe cyclone approached the coastal region in parts of Nashik.",cyclone
"According to weather observations, the city experienced unusually intense heat in Kolhapur.",heatwave
"According to weather observations, a sudden dust storm swept across the region in parts of Thane.",dust_storm
The region remained under severe heat conditions in parts of Aurangabad.,heatwave
A weather related incident was reported without sufficient details in parts of Mumbai.,other
Several villages received light to moderate rain near Kolhapur.,rainfall
"According to weather observations, severe heat conditions affected several cities in Mumbai.",heatwave
A line of thunderstorms passed through the area across Kolhapur.,thunderstorm
Very strong winds were observed near the coast near Pune.,strong_wind
The cyclone remained under close weather monitoring in parts of Nagpur.,cyclone
The storm produced significant hail damage near Aurangabad.,hailstorm
Rain was observed at multiple locations across Mumbai.,rainfall
Local reports indicate that several stations recorded record high temperatures across Thane.,heatwave
Several areas reported visible lightning flashes across Mumbai.,lightning
Local reports indicate that lightning strikes were recorded at multiple locations in Nashik.,lightning
Thunderstorm conditions persisted for nearly an hour across Thane.,thunderstorm
Local reports indicate that thick fog covered the area during the morning in Kolhapur.,fog
Local reports indicate that high temperatures continued for another day across Thane.,heatwave
The area experienced severe flooding after water levels increased near Thane.,flood
A weather-related observation was received with insufficient context near Nashik.,other
Ice pellets fell during the afternoon storm in Mumbai.,hailstorm
Local reports indicate that power lines were affected by powerful wind gusts around Aurangabad.,strong_wind
Local reports indicate that a thick fog layer formed across the valley around Mumbai.,fog
Monitoring systems recorded numerous lightning events around Satara.,lightning
Local reports indicate that the district experienced repeated thunderstorm activity around Kolhapur.,thunderstorm
Weather conditions were reported with incomplete information in Kolhapur.,other
Local reports indicate that visibility deteriorated because of airborne dust in Aurangabad.,dust_storm
A powerful cyclone was observed over the sea in Nashik.,cyclone
The cyclone was expected to affect coastal communities in parts of Mumbai.,cyclone
The cyclone was expected to affect coastal communities around Aurangabad.,cyclone
Several villages were affected by flooding near Nashik.,flood
Rainfall was reported from multiple locations in parts of Nashik.,rainfall
The district received moderate rainfall in Mumbai.,rainfall
Local reports indicate that the available report did not clearly identify the weather event in Satara.,other
Thunder was heard as a storm crossed the area around Satara.,thunderstorm
Rain showers affected normal visibility briefly near Satara.,rainfall
Heat conditions remained severe through the afternoon in Satara.,heatwave
"According to weather observations, cyclonic conditions brought strong winds and rain in parts of Nagpur.",cyclone
"According to weather observations, residents reported unusually powerful winds near Nashik.",strong_wind
The region experienced persistent extreme heat in parts of Pune.,heatwave
A layer of fog persisted over the district around Thane.,fog
Occasional showers were reported overnight across Pune.,rainfall
River overflow caused inundation in nearby communities around Aurangabad.,flood
A large dust cloud moved through the region in Mumbai.,dust_storm
Flooding blocked access to several roads in parts of Nashik.,flood
The region experienced a severe hailstorm near Kolhapur.,hailstorm
Power lines were affected by powerful wind gusts near Pune.,strong_wind
Local reports indicate that monitoring stations reported reduced visibility from fog near Pune.,fog
A layer of fog persisted over the district around Mumbai.,fog
Local reports indicate that a cyclonic system formed over the Arabian Sea in Mumbai.,cyclone
Hailstones covered roads after the storm in parts of Thane.,hailstorm
A dense cloud of dust moved across the district in Nagpur.,dust_storm
A severe heat event affected multiple districts near Satara.,heatwave
Fog affected transportation across the region around Aurangabad.,fog
Cyclonic winds affected coastal districts across Pune.,cyclone
The area experienced blowing dust during strong winds in parts of Nashik.,dust_storm
Temperatures stayed well above the seasonal average in parts of Thane.,heatwave
A widespread dust event affected the district in parts of Kolhapur.,dust_storm
Electrical storm activity was detected across the region in parts of Thane.,lightning
Thunderstorms disrupted outdoor activities in the district near Aurangabad.,thunderstorm
The region received exceptionally high rainfall around Mumbai.,heavy_rainfall
A severe thunderstorm affected the district across Pune.,thunderstorm
A local weather anomaly was reported without further details across Pune.,other
"According to weather observations, daytime temperatures crossed extreme levels around Satara.",heatwave
A severe cyclone approached the coastal region in parts of Pune.,cyclone
Extreme daytime heat was reported across the district in Pune.,heatwave
Local reports indicate that the district experienced intense lightning activity across Mumbai.,lightning
A short but intense hailstorm affected the area in parts of Nashik.,hailstorm
Monitoring systems recorded numerous lightning events around Kolhapur.,lightning
Weather stations recorded exceptionally high temperatures across Nagpur.,heatwave
"According to weather observations, persistent fog covered low lying areas in Mumbai.",fog
Hailstones covered roads after the storm around Pune.,hailstorm
Frequent lightning was reported during the storm in Satara.,lightning
Several parts of the region experienced rain near Nashik.,rainfall
The report contained limited information about the observed conditions across Nagpur.,other
"According to weather observations, weather stations detected strong convective storm activity across Pune.",thunderstorm
Thunderstorm conditions persisted for nearly an hour across Nashik.,thunderstorm
The available report did not clearly identify the weather event in parts of Kolhapur.,other
A spell of heavy rain affected the district across Pune.,heavy_rainfall
"According to weather observations, intermittent rain affected the district near Mumbai.",rainfall
Several areas experienced intense and continuous rainfall around Satara.,heavy_rainfall
"According to weather observations, a tropical cyclone affected several coastal districts in parts of Nagpur.",cyclone
Local reports indicate that the available information was insufficient for a precise classification near Kolhapur.,other
Heavy showers continued across the region in Pune.,heavy_rainfall
Local reports indicate that monitoring stations reported reduced visibility from fog around Aurangabad.,fog
Local reports indicate that satellite observations showed a well organized cyclone in parts of Nashik.,cyclone
The area experienced sustained strong winds around Pune.,strong_wind
Fields and roads were submerged by rising water in Thane.,flood
Local reports indicate that large hail was reported in the area near Kolhapur.,hailstorm
Local reports indicate that weather stations recorded exceptionally high temperatures near Aurangabad.,heatwave
Gale force winds were reported in the area around Thane.,strong_wind
A storm with thunder affected several locations near Nagpur.,thunderstorm
A dust storm was reported during the afternoon near Nashik.,dust_storm
The district received moderate rainfall near Nashik.,rainfall
"According to weather observations, a cyclonic system formed over the Arabian Sea across Nagpur.",cyclone
Several fields were damaged by falling hail in parts of Kolhapur.,hailstorm
A severe cyclone approached the coastal region around Nashik.,cyclone
Local reports indicate that several lightning flashes were seen near the city in Aurangabad.,lightning
Local reports indicate that a widespread dust event affected the district near Aurangabad.,dust_storm
A prolonged hot spell affected local communities around Nagpur.,heatwave
Gale force winds were reported in the area around Nashik.,strong_wind
Strong thunderstorms were reported across the region near Pune.,thunderstorm
A severe thunderstorm affected the district around Nagpur.,thunderstorm
The region received exceptionally high rainfall in Satara.,heavy_rainfall
A thick fog layer formed across the valley around Satara.,fog
"According to weather observations, dusty winds disrupted visibility and travel across Pune.",dust_storm
A severe thunderstorm affected the district near Pune.,thunderstorm
Water inundation was reported in multiple streets in Nashik.,flood
Rain was recorded at nearby observation stations across Pune.,rainfall
Continuous rain produced substantial surface runoff around Satara.,heavy_rainfall
The area experienced blowing dust during strong winds in parts of Nagpur.,dust_storm
The available information was insufficient for a precise classification in Aurangabad.,other
Occasional showers were reported overnight near Thane.,rainfall
A short but intense hailstorm affected the area in parts of Kolhapur.,hailstorm
Thunderstorm activity developed during the evening around Thane.,thunderstorm
Strong winds lifted dust over several areas across Nagpur.,dust_storm
The area experienced periods of rain in parts of Mumbai.,rainfall
Large amounts of rain fell across the region across Kolhapur.,heavy_rainfall
The district experienced intense lightning activity across Aurangabad.,lightning
A prolonged period of dangerous heat was reported in parts of Nashik.,heatwave
Morning fog limited visibility in several locations in parts of Pune.,fog
Local reports indicate that a general weather disturbance was reported in the area in Nagpur.,other
A local atmospheric event was reported without classification details across Pune.,other
A cyclone warning was issued for coastal areas in parts of Aurangabad.,cyclone
A moving dust front reached several villages across Satara.,dust_storm
Emergency teams prepared for the incoming cyclone across Satara.,cyclone
A dense cloud of dust moved across the district near Pune.,dust_storm
A developing thunderstorm moved toward the city in Kolhapur.,thunderstorm
"According to weather observations, a cyclonic system formed over the Arabian Sea in parts of Nashik.",cyclone
Strong electrical activity was observed in the clouds in Aurangabad.,lightning
Flooding disrupted traffic across the district across Pune.,flood
Severe wind conditions disrupted local transport in parts of Pune.,strong_wind
"According to weather observations, the region received exceptionally high rainfall near Nashik.",heavy_rainfall
Fields and roads were submerged by rising water around Pune.,flood
Visibility remained poor due to fog near Pune.,fog
Lightning alerts were issued for several areas near Nagpur.,lightning
"According to weather observations, a local atmospheric event was reported without classification details in Mumbai.",other
The district experienced damaging wind gusts around Thane.,strong_wind
Strong gusts caused branches to fall on roads around Pune.,strong_wind
Hailstones covered roads after the storm in Thane.,hailstorm
Large amounts of rain fell across the region in parts of Aurangabad.,heavy_rainfall
The available information was insufficient for a precise classification near Pune.,other
"According to weather observations, the city experienced unusually intense heat around Thane.",heatwave
A large dust cloud moved through the region in parts of Aurangabad.,dust_storm
Flood water entered shops and residential areas around Thane.,flood
Daytime temperatures crossed extreme levels across Nashik.,heatwave
A cyclone warning was issued for coastal areas in parts of Nashik.,cyclone
The region experienced widespread lightning discharges in Aurangabad.,lightning
The district experienced damaging wind gusts around Satara.,strong_wind
The storm produced significant hail damage around Aurangabad.,hailstorm
Local reports indicate that lightning was observed over nearby villages around Mumbai.,lightning
Several areas reported visible lightning flashes in parts of Kolhapur.,lightning
Cyclonic conditions brought strong winds and rain in parts of Pune.,cyclone
Electrical storm activity was detected across the region in Nagpur.,lightning
Dusty conditions affected visibility on roads near Mumbai.,dust_storm
"According to weather observations, residents reported light rainfall in the area in Nagpur.",rainfall
Multiple homes were surrounded by flood water near Nagpur.,flood
Local reports indicate that heavy fog was reported around the airport across Thane.,fog
A line of thunderstorms passed through the area near Satara.,thunderstorm
The region remained under severe heat conditions around Mumbai.,heatwave
Frequent lightning was reported during the storm in Kolhapur.,lightning
Local reports indicate that fields and roads were submerged by rising water near Aurangabad.,flood
Water covered roads and entered local houses in parts of Kolhapur.,flood
The city experienced unusually intense heat across Aurangabad.,heatwave
Temperatures remained unusually high across the region near Aurangabad.,heatwave
"According to weather observations, several neighborhoods remained under flood water near Pune.",flood
Roads were submerged after water levels rose in Nagpur.,flood
"According to weather observations, a cyclonic storm moved northward over the sea near Nagpur.",cyclone
Residents reported heavy dust in the air in parts of Satara.,dust_storm
Multiple lightning strikes occurred within a short period around Aurangabad.,lightning
Several signs and branches were damaged by wind in parts of Kolhapur.,strong_wind
Heat conditions remained severe through the afternoon near Pune.,heatwave
A weather incident was reported without specific measurements in parts of Satara.,other
Local reports indicate that weather stations recorded measurable rainfall across Kolhapur.,rainfall
"According to weather observations, a developing thunderstorm moved toward the city across Kolhapur.",thunderstorm
A weather incident was reported without specific measurements around Thane.,other
Strong winds disrupted outdoor operations in parts of Nagpur.,strong_wind
Monitoring systems recorded numerous lightning events near Nashik.,lightning
Strong gusts caused branches to fall on roads in Nashik.,strong_wind
Storm activity intensified over the region around Nashik.,thunderstorm
Rain was recorded at nearby observation stations in parts of Pune.,rainfall
Flooding disrupted traffic across the district across Thane.,flood
"According to weather observations, strong winds accompanied the approaching cyclone across Aurangabad.",cyclone
A severe cyclone approached the coastal region across Mumbai.,cyclone
A weather incident was reported without specific measurements around Nagpur.,other
Water covered roads and entered local houses around Nagpur.,flood
"According to weather observations, multiple stations recorded heavy precipitation across Aurangabad.",heavy_rainfall
A prolonged period of heavy rain was reported around Mumbai.,heavy_rainfall
Rain was recorded at nearby observation stations across Satara.,rainfall
Several lightning flashes were seen near the city near Mumbai.,lightning
Severe storm activity was observed at multiple stations in Nagpur.,thunderstorm
Thunderstorm cells moved across the city across Nashik.,thunderstorm
The city experienced unusually intense heat in Nashik.,heatwave
A severe heat event affected multiple districts around Kolhapur.,heatwave
Rain was recorded at nearby observation stations around Mumbai.,rainfall
Strong winds lifted dust over several areas around Aurangabad.,dust_storm
Lightning strikes were recorded at multiple locations across Thane.,lightning
Local reports indicate that severe storm activity was observed at multiple stations around Satara.,thunderstorm
Local reports indicate that thunderstorm conditions persisted for nearly an hour around Thane.,thunderstorm
Dusty winds disrupted visibility and travel near Pune.,dust_storm
A hailstorm damaged crops in several villages near Nashik.,hailstorm
Hot weather persisted for several consecutive days near Nagpur.,heatwave
"According to weather observations, flood water entered several residential buildings in parts of Nashik.",flood
Several parts of the region experienced rain near Nagpur.,rainfall
Thunderstorm conditions persisted for nearly an hour in parts of Kolhapur.,thunderstorm
Hailstones fell across the district during the storm in parts of Thane.,hailstorm
Several signs and branches were damaged by wind across Satara.,strong_wind
The region experienced an intense thunderstorm in Satara.,thunderstorm
"According to weather observations, the region experienced persistent extreme heat in parts of Pune.",heatwave
Dangerously hot conditions were observed across the area near Nashik.,heatwave
Local reports indicate that the district experienced damaging wind gusts across Mumbai.,strong_wind
A number of lightning discharges occurred in the region around Nashik.,lightning
"According to weather observations, heavy precipitation persisted into the morning across Satara.",heavy_rainfall
Local reports indicate that rainfall was reported from multiple locations around Mumbai.,rainfall
Weather stations detected strong convective storm activity around Mumbai.,thunderstorm
The region experienced scattered showers in Pune.,rainfall
A weather incident was reported without specific measurements across Thane.,other
Local reports indicate that homes in low lying areas were inundated near Nashik.,flood
Residents reported repeated lightning strikes in Thane.,lightning
Winds increased significantly during the evening in parts of Thane.,strong_wind
Residents reported unusually powerful winds near Aurangabad.,strong_wind
"According to weather observations, overflowing water isolated several villages in parts of Mumbai.",flood
A dust storm reduced visibility across the district across Kolhapur.,dust_storm
Local reports indicate that a general weather disturbance was reported in the area around Pune.,other
"According to weather observations, rainfall intensity remained high throughout the night around Kolhapur.",heavy_rainfall
The region experienced an intense thunderstorm in parts of Kolhapur.,thunderstorm
Monitoring stations reported reduced visibility from fog in parts of Kolhapur.,fog
Moderate rain occurred in several areas near Satara.,rainfall
A sudden dust storm swept across the region near Thane.,dust_storm
Flood water entered shops and residential areas around Aurangabad.,flood
Weather conditions were reported with incomplete information across Nagpur.,other
Foggy weather affected road traffic around Nashik.,fog
Several neighborhoods remained under flood water in Nagpur.,flood
Dusty conditions affected visibility on roads near Thane.,dust_storm
Strong gusts damaged temporary structures in Kolhapur.,strong_wind
A sudden hailstorm damaged crops and vehicles near Mumbai.,hailstorm
The district received moderate rainfall in Pune.,rainfall
A weather-related observation was received with insufficient context around Nagpur.,other
Strong hailfall was reported across the region around Satara.,hailstorm
"According to weather observations, several lightning flashes were seen near the city in parts of Thane.",lightning
"According to weather observations, the report did not provide enough evidence to classify the event near Nashik.",other
Occasional showers were reported overnight around Pune.,rainfall
Dangerously hot conditions were observed across the area in parts of Aurangabad.,heatwave
Electrical storm activity was detected across the region in Nashik.,lightning
Local reports indicate that the region experienced an intense thunderstorm around Nashik.,thunderstorm
River overflow caused inundation in nearby communities around Thane.,flood
Rain showers were observed during the afternoon near Nagpur.,rainfall
Persistent heavy rain affected multiple parts of the city across Nashik.,heavy_rainfall
A general weather disturbance was reported in the area near Aurangabad.,other
Strong electrical activity was observed in the clouds around Aurangabad.,lightning
A weather related incident was reported without sufficient details across Satara.,other
A general weather disturbance was reported in the area near Pune.,other
Lightning was observed over nearby villages across Satara.,lightning
The cyclone was expected to affect coastal communities near Satara.,cyclone
Dangerously hot conditions were observed across the area in Nashik.,heatwave
Rain was observed at multiple locations in Pune.,rainfall
A local weather anomaly was reported without further details across Nagpur.,other
Multiple homes were surrounded by flood water around Mumbai.,flood
The district reported widespread water inundation in Mumbai.,flood
Satellite observations showed a well organized cyclone in Kolhapur.,cyclone
"According to weather observations, emergency teams prepared for the incoming cyclone in Thane.",cyclone
Monitoring stations reported reduced visibility from fog across Satara.,fog
Lightning strikes were recorded at multiple locations across Satara.,lightning
Authorities monitored a developing tropical cyclone in Kolhapur.,cyclone
Strong thunderstorms were reported across the region in parts of Mumbai.,thunderstorm
"According to weather observations, rainfall intensity remained high throughout the night across Aurangabad.",heavy_rainfall
Hailstones covered roads after the storm near Nagpur.,hailstorm
Several signs and branches were damaged by wind around Mumbai.,strong_wind
A general weather event was reported without a specific hazard in parts of Nagpur.,other
Strong winds accompanied the approaching cyclone in parts of Pune.,cyclone
A hail event affected agricultural areas around Mumbai.,hailstorm
Dusty winds disrupted visibility and travel around Aurangabad.,dust_storm
Lightning strikes were recorded at multiple locations around Pune.,lightning
River overflow caused inundation in nearby communities around Nashik.,flood
Lightning activity increased during the evening in parts of Nashik.,lightning
A weather-related observation was received with insufficient context around Satara.,other
Several villages were affected by flooding in Kolhapur.,flood
A local weather anomaly was reported without further details around Thane.,other
The region experienced persistent extreme heat around Thane.,heatwave
An intense heat spell affected the area in parts of Aurangabad.,heatwave
"According to weather observations, fog reduced visibility on major highways across Aurangabad.",fog
The incident requires additional information for classification in parts of Mumbai.,other
A layer of fog persisted over the district near Mumbai.,fog
A local weather anomaly was reported without further details in parts of Aurangabad.,other
A severe heat event affected multiple districts around Aurangabad.,heatwave
The report described unusual conditions but lacked a clear event type in parts of Aurangabad.,other
A moving dust front reached several villages near Pune.,dust_storm
Rain showers affected normal visibility briefly near Nashik.,rainfall
A moving dust front reached several villages around Mumbai.,dust_storm
Lightning activity increased during the evening near Mumbai.,lightning
The available report did not clearly identify the weather event in parts of Nashik.,other
Thunderstorm activity developed during the evening near Thane.,thunderstorm
Strong winds damaged trees across the district in Pune.,strong_wind
"According to weather observations, high wind speeds affected several communities in parts of Kolhapur.",strong_wind
"According to weather observations, authorities monitored a developing tropical cyclone near Mumbai.",cyclone
"According to weather observations, residents reported light rainfall in the area in parts of Pune.",rainfall
The report described unusual conditions but lacked a clear event type in parts of Satara.,other
Several areas experienced intense and continuous rainfall around Nashik.,heavy_rainfall
Local reports indicate that several villages received light to moderate rain around Aurangabad.,rainfall
Local reports indicate that a layer of fog persisted over the district around Nashik.,fog
Foggy weather affected road traffic in parts of Kolhapur.,fog
"According to weather observations, a thick dust plume was observed near the city across Nashik.",dust_storm
Flooding disrupted traffic across the district around Mumbai.,flood
Flooding blocked access to several roads across Thane.,flood
A dust storm reduced visibility across the district near Mumbai.,dust_storm
A short but intense hailstorm affected the area in Thane.,hailstorm
"According to weather observations, a short but intense hailstorm affected the area around Pune.",hailstorm
Very heavy rainfall was recorded across the district in parts of Mumbai.,heavy_rainfall
Weather stations recorded exceptionally high temperatures near Nashik.,heatwave
A powerful cyclone was observed over the sea across Aurangabad.,cyclone
A large dust cloud moved through the region across Pune.,dust_storm
Ice pellets fell during the afternoon storm in Pune.,hailstorm
A weather-related observation was received with insufficient context across Pune.,other
Multiple homes were surrounded by flood water in parts of Thane.,flood
The cyclone produced hazardous conditions near the coast across Aurangabad.,cyclone
"According to weather observations, persistent fog covered low lying areas around Kolhapur.",fog
"According to weather observations, a short but intense hailstorm affected the area around Nashik.",hailstorm
Lightning strikes were recorded at multiple locations in Nagpur.,lightning
"According to weather observations, a weather related incident was reported without sufficient details in Nashik.",other
The area experienced severe flooding after water levels increased in parts of Satara.,flood
Cyclonic conditions brought strong winds and rain near Nashik.,cyclone
A weather incident was reported without specific measurements near Kolhapur.,other
The district experienced damaging wind gusts in parts of Thane.,strong_wind
A prolonged period of heavy rain was reported around Pune.,heavy_rainfall
A dense cloud of dust moved across the district around Thane.,dust_storm
Dense fog reduced visibility near the city in Nagpur.,fog
Farmers reported crop damage from hail in Aurangabad.,hailstorm
Strong gusts damaged temporary structures near Thane.,strong_wind
Power infrastructure was affected by high winds in Aurangabad.,strong_wind
Fields and roads were submerged by rising water near Nashik.,flood
A cyclonic storm moved northward over the sea in Thane.,cyclone
A local atmospheric event was reported without classification details in parts of Thane.,other
Wind speeds reached dangerous levels in the region near Aurangabad.,strong_wind
The river crossed its danger level and flooded nearby areas around Kolhapur.,flood
"According to weather observations, power lines were affected by powerful wind gusts in parts of Pune.",strong_wind
Dusty conditions affected visibility on roads near Kolhapur.,dust_storm
Scattered rainfall was recorded in the region across Thane.,rainfall
Visibility remained poor due to fog in parts of Satara.,fog
Farmers reported crop damage from hail near Satara.,hailstorm
Dense morning fog covered several roads across Nagpur.,fog
The weather report lacked enough detail for a specific category in parts of Kolhapur.,other
Flooding blocked access to several roads across Kolhapur.,flood
Gale force winds were reported in the area around Pune.,strong_wind
Rainfall was reported from multiple locations in Pune.,rainfall
Weather stations recorded exceptionally high temperatures in parts of Satara.,heatwave
River water overflowed into nearby settlements near Satara.,flood
Strong hailfall was reported across the region near Mumbai.,hailstorm
"According to weather observations, several signs and branches were damaged by wind around Nashik.",strong_wind
Local reports indicate that rain was observed at multiple locations in Nagpur.,rainfall
"According to weather observations, strong winds accompanied the approaching cyclone across Satara.",cyclone
The region received exceptionally high rainfall in Thane.,heavy_rainfall
Thunderstorms disrupted outdoor activities in the district across Mumbai.,thunderstorm
Extreme rainfall was observed at several stations near Kolhapur.,heavy_rainfall
Rainfall activity increased during the evening around Mumbai.,rainfall
Rain showers affected normal visibility briefly around Kolhapur.,rainfall
The region experienced an intense thunderstorm across Pune.,thunderstorm
"According to weather observations, cyclonic conditions brought strong winds and rain around Mumbai.",cyclone
Several areas experienced dense fog conditions around Pune.,fog
"According to weather observations, dusty winds disrupted visibility and travel near Satara.",dust_storm
"According to weather observations, blowing dust covered several parts of the city near Kolhapur.",dust_storm
Dust storm conditions persisted for several hours in parts of Nagpur.,dust_storm
The event description did not identify a specific weather hazard in parts of Kolhapur.,other
"According to weather observations, daytime temperatures crossed extreme levels in Mumbai.",heatwave
A large dust cloud moved through the region around Nagpur.,dust_storm
A local atmospheric event was reported without classification details in parts of Mumbai.,other
Strong winds lifted dust over several areas near Thane.,dust_storm
"According to weather observations, a severe thunderstorm affected the district around Nagpur.",thunderstorm
A moving dust front reached several villages in parts of Aurangabad.,dust_storm
A cyclone warning was issued for coastal areas in parts of Thane.,cyclone
Fields and roads were submerged by rising water in Nagpur.,flood
Rainfall was reported from multiple locations in Aurangabad.,rainfall
A sudden hailstorm damaged crops and vehicles in parts of Nashik.,hailstorm
A severe thunderstorm affected the district in Nashik.,thunderstorm
"According to weather observations, the area experienced blowing dust during strong winds near Satara.",dust_storm
Local reports indicate that a prolonged period of dangerous heat was reported near Nashik.,heatwave
The weather report lacked enough detail for a specific category near Kolhapur.,other
Foggy conditions affected early morning travel in Aurangabad.,fog
The region recorded unusually high wind speeds around Nashik.,strong_wind
High temperatures continued for another day across Aurangabad.,heatwave
"According to weather observations, a local atmospheric event was reported without classification details in parts of Thane.",other
"According to weather observations, airborne dust reduced visibility across highways across Aurangabad.",dust_storm
Local reports indicate that hailstones fell across the district during the storm across Satara.,hailstorm
Severe convective storms were observed near the district in parts of Nashik.,thunderstorm
The region experienced an intense thunderstorm in parts of Aurangabad.,thunderstorm
"According to weather observations, the district experienced a sustained heatwave in Satara.",heatwave
Multiple stations recorded heavy precipitation near Aurangabad.,heavy_rainfall
River water overflowed into nearby settlements around Thane.,flood
Heavy fog was reported around the airport near Mumbai.,fog
Visibility remained poor due to fog around Pune.,fog
"According to weather observations, a localized thunderstorm affected nearby communities around Nagpur.",thunderstorm
The region remained under severe heat conditions around Nagpur.,heatwave
Severe wind conditions disrupted local transport in Aurangabad.,strong_wind
Local reports indicate that a number of lightning discharges occurred in the region around Thane.,lightning
Weather stations recorded exceptionally high temperatures near Pune.,heatwave
Persistent fog covered low lying areas around Pune.,fog
Heavy fog was reported around the airport in Aurangabad.,fog
Local reports indicate that authorities monitored a developing tropical cyclone around Pune.,cyclone
Local reports indicate that fog reduced visibility on major highways in parts of Satara.,fog
Local reports indicate that hailstones fell across the district during the storm around Nashik.,hailstorm
"According to weather observations, dense fog remained until late morning across Mumbai.",fog
"According to weather observations, a moving dust front reached several villages across Pune.",dust_storm
"According to weather observations, visibility remained poor due to fog in parts of Nashik.",fog
The event description did not identify a specific weather hazard near Nashik.,other
Local reports indicate that the event description did not identify a specific weather hazard around Mumbai.,other
A large dust cloud moved through the region near Aurangabad.,dust_storm
"According to weather observations, monitoring systems recorded numerous lightning events across Pune.",lightning
Local reports indicate that a severe thunderstorm affected the district in parts of Nagpur.,thunderstorm
A large dust cloud moved through the region around Satara.,dust_storm
Severe wind conditions disrupted local transport in parts of Aurangabad.,strong_wind
A thick dust plume was observed near the city across Nagpur.,dust_storm
The district experienced a sustained heatwave near Mumbai.,heatwave
Lightning was detected by monitoring stations across Kolhapur.,lightning
Roads were submerged after water levels rose near Satara.,flood
The region was affected by a strong dust storm in parts of Kolhapur.,dust_storm
A weather related incident was reported without sufficient details around Thane.,other
The area experienced blowing dust during strong winds around Pune.,dust_storm
"According to weather observations, high winds caused debris to fall across roads in parts of Pune.",strong_wind
Moderate rainfall was observed near the city around Nashik.,rainfall
Lightning activity continued throughout the storm near Aurangabad.,lightning
"According to weather observations, flooding disrupted traffic across the district in Thane.",flood
A strong storm system affected several villages in parts of Mumbai.,thunderstorm
"According to weather observations, visibility remained poor due to fog in Nashik.",fog
Strong gusts caused branches to fall on roads in parts of Kolhapur.,strong_wind
Local reports indicate that repeated lightning strikes were reported overnight in Thane.,lightning
"According to weather observations, rain showers were observed during the afternoon in Nagpur.",rainfall
Continuous rain produced substantial surface runoff near Nashik.,heavy_rainfall
A strong storm system affected several villages around Satara.,thunderstorm
Rainfall intensity remained high throughout the night around Nashik.,heavy_rainfall
The report did not provide enough evidence to classify the event in parts of Thane.,other
"According to weather observations, the district experienced intense lightning activity in parts of Nashik.",lightning
Thick mist and fog were observed before sunrise around Aurangabad.,fog
Several lightning flashes were seen near the city near Thane.,lightning
A moving dust front reached several villages in parts of Nashik.,dust_storm
Strong gusts damaged temporary structures near Nashik.,strong_wind
Hailstones were observed near multiple villages near Kolhapur.,hailstorm
Thunderstorms disrupted outdoor activities in the district around Thane.,thunderstorm
Strong gusts carried dust across open areas near Nagpur.,dust_storm
Local reports indicate that the available report did not clearly identify the weather event around Satara.,other
Roads were submerged after water levels rose near Mumbai.,flood
"According to weather observations, a severe thunderstorm affected the district in Kolhapur.",thunderstorm
The area experienced sustained strong winds in parts of Mumbai.,strong_wind
The region experienced scattered showers across Nagpur.,rainfall
The region experienced a severe hailstorm in Mumbai.,hailstorm
Hailstones covered roads after the storm near Satara.,hailstorm
Cyclonic winds affected coastal districts near Kolhapur.,cyclone
Winds increased significantly during the evening across Aurangabad.,strong_wind
Heavy precipitation persisted into the morning in Aurangabad.,heavy_rainfall
Cyclonic conditions brought strong winds and rain across Pune.,cyclone
Multiple stations recorded heavy precipitation around Pune.,heavy_rainfall
A sudden dust storm swept across the region in parts of Nashik.,dust_storm
"According to weather observations, intense rain continued for several hours near Pune.",heavy_rainfall
Fog reduced visibility on major highways in parts of Thane.,fog
High temperatures continued for another day in parts of Aurangabad.,heatwave
Fog affected transportation across the region around Nashik.,fog
Hailstones accumulated on roads and open ground in parts of Aurangabad.,hailstorm
A prolonged hot spell affected local communities around Nashik.,heatwave
"According to weather observations, visibility remained poor due to fog near Nagpur.",fog
Weather stations recorded measurable rainfall in parts of Aurangabad.,rainfall
Local reports indicate that hailstones fell across the district during the storm around Thane.,hailstorm
Hot weather persisted for several consecutive days around Nashik.,heatwave
"According to weather observations, the area experienced severe flooding after water levels increased near Pune.",flood
Very heavy rainfall was recorded across the district near Satara.,heavy_rainfall
A cyclone caused severe weather along the coast across Thane.,cyclone
Weather stations detected strong convective storm activity across Kolhapur.,thunderstorm
A powerful cyclone was observed over the sea in parts of Thane.,cyclone
Weather stations detected strong convective storm activity in parts of Nagpur.,thunderstorm
Residents reported repeated lightning strikes in Nashik.,lightning
Thunderstorms disrupted outdoor activities in the district in parts of Nashik.,thunderstorm
Intense rain continued for several hours near Kolhapur.,heavy_rainfall
A cyclonic system formed over the Arabian Sea in parts of Nagpur.,cyclone
Strong electrical activity was observed in the clouds in Kolhapur.,lightning
"According to weather observations, hot weather persisted for several consecutive days near Aurangabad.",heatwave
Several neighborhoods remained under flood water across Thane.,flood
Severe storm activity was observed at multiple stations near Mumbai.,thunderstorm
"According to weather observations, authorities monitored a developing tropical cyclone across Nashik.",cyclone
Strong electrical activity was observed in the clouds in Satara.,lightning
Large hailstones struck rooftops and crops in parts of Nashik.,hailstorm
"According to weather observations, moderate rain occurred in several areas around Mumbai.",rainfall
Rain was recorded at nearby observation stations in parts of Kolhapur.,rainfall
Strong winds lifted dust over several areas in parts of Satara.,dust_storm
The report described unusual conditions but lacked a clear event type in parts of Kolhapur.,other
Storm activity intensified over the region near Nashik.,thunderstorm
Visibility dropped sharply because of dense fog in Pune.,fog
"According to weather observations, a prolonged hot spell affected local communities around Mumbai.",heatwave
Electrical storm activity was detected across the region around Thane.,lightning
Local reports indicate that a dust storm was reported during the afternoon near Nashik.,dust_storm
High winds caused debris to fall across roads around Satara.,strong_wind
The tropical system strengthened near the coastline in parts of Satara.,cyclone
Steady rain continued for several hours in Satara.,rainfall
A developing thunderstorm moved toward the city around Nashik.,thunderstorm
The available report did not clearly identify the weather event near Nagpur.,other
Heavy fog was reported around the airport across Thane.,fog
Fog reduced visibility on major highways near Thane.,fog
Hailstones were observed near multiple villages in Mumbai.,hailstorm
Visibility remained poor due to fog across Pune.,fog
Hailstones fell across the district during the storm across Aurangabad.,hailstorm
"According to weather observations, torrential rain was reported during the evening around Nashik.",heavy_rainfall
Hailfall affected several parts of the district near Satara.,hailstorm
A cyclone warning was issued for coastal areas across Aurangabad.,cyclone
Flood conditions affected communities along the river around Pune.,flood
"According to weather observations, the available information was insufficient for a precise classification near Mumbai.",other
Heat conditions remained severe through the afternoon in Thane.,heatwave
Cyclonic conditions brought strong winds and rain across Thane.,cyclone
Hail was recorded during severe convective activity across Kolhapur.,hailstorm
River water overflowed into nearby settlements across Mumbai.,flood
Heavy fog was reported around the airport in Kolhapur.,fog
The region experienced persistent extreme heat in Mumbai.,heatwave
Gale force winds were reported in the area across Mumbai.,strong_wind
Residents were moved from flooded low lying areas near Thane.,flood
Rainfall activity increased during the evening across Satara.,rainfall
High winds caused debris to fall across roads in parts of Pune.,strong_wind
"According to weather observations, strong electrical activity was observed in the clouds in parts of Mumbai.",lightning
"According to weather observations, several fields were damaged by falling hail in Kolhapur.",hailstorm
"According to weather observations, a weather-related observation was received with insufficient context in parts of Kolhapur.",other
Electrical storm activity was detected across the region around Aurangabad.,lightning
"According to weather observations, fields and roads were submerged by rising water near Satara.",flood
The region experienced an intense thunderstorm near Nagpur.,thunderstorm
A cyclone caused severe weather along the coast in parts of Mumbai.,cyclone
Rain was observed at multiple locations near Pune.,rainfall
Local reports indicate that roads were submerged after water levels rose in parts of Aurangabad.,flood
Temperatures remained unusually high across the region near Nagpur.,heatwave
The cyclone produced hazardous conditions near the coast around Nagpur.,cyclone
Lightning was detected by monitoring stations in parts of Thane.,lightning
Heat conditions remained severe through the afternoon around Aurangabad.,heatwave
Weather conditions were reported with incomplete information near Nashik.,other
A layer of fog persisted over the district near Nashik.,fog
The cyclone was expected to affect coastal communities across Kolhapur.,cyclone
Local reports indicate that a line of thunderstorms passed through the area in parts of Nashik.,thunderstorm
Local reports indicate that a sudden dust storm swept across the region around Aurangabad.,dust_storm
Rainfall activity increased during the evening in Thane.,rainfall
Hailstones covered roads after the storm near Pune.,hailstorm
Morning fog limited visibility in several locations around Nagpur.,fog
Extreme rainfall was observed at several stations in Thane.,heavy_rainfall
Daytime temperatures crossed extreme levels in Aurangabad.,heatwave
Multiple homes were surrounded by flood water across Satara.,flood
Large hailstones struck rooftops and crops around Satara.,hailstorm
Local reports indicate that strong gusts carried dust across open areas across Mumbai.,dust_storm
Lightning activity increased during the evening across Mumbai.,lightning
Extreme daytime heat was reported across the district in Nashik.,heatwave
A severe heat event affected multiple districts around Mumbai.,heatwave
A storm with thunder affected several locations near Kolhapur.,thunderstorm
Waterlogging / flooding reported in low-lying areas of Nagpur,flood
Waterlogging / flooding reported in low-lying areas of Mumbai,flood
Dust storm reported around Nashik,dust_storm
Thunderstorm with lightning reported near Nagpur,thunderstorm
Thunderstorm with lightning reported near Mumbai,thunderstorm
Heatwave conditions reported in Nashik,heatwave
Dense fog reducing visibility in Nagpur,fog
Moderate to heavy rainfall reported in Nashik,rainfall
Unusual weather conditions reported in Nashik,other
Strong winds reported in Nashik,strong_wind
Unusual weather conditions reported in Mumbai,other
Unusual weather conditions reported in Nagpur,other
Heatwave conditions reported in Mumbai,heatwave
Strong winds reported in Nagpur,strong_wind
Strong winds reported in Mumbai,strong_wind
Thunderstorm with lightning reported near Nashik,thunderstorm
Waterlogging / flooding reported in low-lying areas of Nashik,flood
Dust storm reported around Mumbai,dust_storm
Heatwave conditions reported in Nagpur,heatwave
Dense fog reducing visibility in Nashik,fog
Moderate to heavy rainfall reported in Nagpur,rainfall
Dense fog reducing visibility in Mumbai,fog
Dust storm reported around Nagpur,dust_storm
Moderate to heavy rainfall reported in Mumbai,rainfall
Raining non stop in Nagpur since morning umbrella emoji #rain #nagpurweather,rainfall
"Winds so strong in Nashik rn, trees swaying like crazy",strong_wind
"Nagpur sky looks strange this evening, anyone else notice",other
"Nagpur fog is next level today, flights probably delayed",fog
Mumbai winds knocked over a stall near my building,strong_wind
"Can't step outside in Nashik, heat is unbearable rn",heatwave
"Dust storm hit Mumbai out of nowhere, everything's orange outside",dust_storm
Nagpur winds knocked over a stall near my building,strong_wind
"Dust storm hit Nagpur out of nowhere, everything's orange outside",dust_storm
"Water logging near my area in Nagpur, cars stuck #flood #nagpurrain",flood
Nashik winds knocked over a stall near my building,strong_wind
Raining non stop in Nashik since morning umbrella emoji #rain #nashikweather,rainfall
Raining non stop in Mumbai since morning umbrella emoji #rain #mumbaiweather,rainfall
"Nashik sky looks strange this evening, anyone else notice",other
"Can't step outside in Nagpur, heat is unbearable rn",heatwave
"Mumbai sky turned brown, dust storm warning was right",dust_storm
"Water logging near my area in Nashik, cars stuck #flood #nashikrain",flood
"Mumbai is literally on fire today, 45+ degrees #heatwave",heatwave
"Nagpur streets flooded again, this is the 3rd time this month",flood
"Weird weather in Mumbai today, not sure what's going on",other
"Mumbai streets flooded again, this is the 3rd time this month",flood
"Scary lightning storm over Nashik tonight, stay safe everyone",thunderstorm
"Winds so strong in Nagpur rn, trees swaying like crazy",strong_wind
"Can barely see 5 meters ahead in Mumbai, dense fog this morning",fog
"Winds so strong in Mumbai rn, trees swaying like crazy",strong_wind
"Weird weather in Nagpur today, not sure what's going on",other
"Nashik getting heavy rains rn, roads getting wet everywhere",rainfall
"Nagpur is literally on fire today, 45+ degrees #heatwave",heatwave
"Nashik fog is next level today, flights probably delayed",fog
"Mumbai fog is next level today, flights probably delayed",fog
"Nagpur sky turned brown, dust storm warning was right",dust_storm
"Mumbai getting heavy rains rn, roads getting wet everywhere",rainfall
"Loud thunder in Nagpur rn, lightning is crazy #thunderstorm #nagpur",thunderstorm
heavy rain fall in mumbai,rainfall
