text,category,event_id,source_id
farmers reported crop damage from hail in nagpur,hailstorm,,
local reports indicate that occasional showers were reported overnight in parts of aurangabad,rainfall,,
a number of lightning discharges occurred in the region across nagpur,lightning,,
visibility dropped sharply because of dense fog across satara,fog,,
flooding disrupted traffic across the district in parts of pune,flood,,
extreme daytime heat was reported across the district in parts of aurangabad,heatwave,,
according to weather observations moderate rainfall was observed near the city in aurangabad,rainfall,,
a prolonged period of dangerous heat was reported near pune,heatwave,,
dust filled winds affected nearby communities in nagpur,dust_storm,,
morning fog limited visibility in several locations near nashik,fog,,
local reports indicate that dense morning fog covered several roads in parts of nashik,fog,,
local reports indicate that the report did not provide enough evidence to classify the event across thane,other,,
dense fog remained until late morning in nashik,fog,,
persistent fog covered low lying areas near nagpur,fog,,
temperatures remained unusually high across the region across aurangabad,heatwave,,
according to weather observations a weather related incident was reported without sufficient details in kolhapur,other,,
strong hailfall was reported across the region in kolhapur,hailstorm,,
according to weather observations visibility dropped sharply because of dense fog in kolhapur,fog,,
flood water entered shops and residential areas near aurangabad,flood,,
morning fog limited visibility in several locations around pune,fog,,
the region experienced widespread lightning discharges around nagpur,lightning,,
a prolonged period of heavy rain was reported across thane,heavy_rainfall,,
several stations recorded record high temperatures near thane,heatwave,,
an unspecified weather event was recorded in parts of kolhapur,other,,
a thick dust plume was observed near the city across pune,dust_storm,,
weather conditions were reported with incomplete information in pune,other,,
the district reported widespread water inundation in parts of nashik,flood,,
several signs and branches were damaged by wind in thane,strong_wind,,
water inundation was reported in multiple streets in parts of kolhapur,flood,,
hail was recorded during severe convective activity around aurangabad,hailstorm,,
according to weather observations a spell of heavy rain affected the district near satara,heavy_rainfall,,
a hail event affected agricultural areas in parts of nashik,hailstorm,,
foggy conditions affected early morning travel in nashik,fog,,
hailstones covered roads after the storm across nagpur,hailstorm,,
hailstones fell across the district during the storm near satara,hailstorm,,
rainfall was reported from multiple locations in mumbai,rainfall,,
according to weather observations power infrastructure was affected by high winds in pune,strong_wind,,
weather stations recorded exceptionally high temperatures near aurangabad,heatwave,,
according to weather observations a storm with thunder affected several locations across nagpur,thunderstorm,,
several fields were damaged by falling hail in parts of nagpur,hailstorm,,
strong winds damaged trees across the district in nashik,strong_wind,,
the region experienced widespread lightning discharges near mumbai,lightning,,
power lines were affected by powerful wind gusts in kolhapur,strong_wind,,
flood water entered several residential buildings across aurangabad,flood,,
according to weather observations the cyclone remained under close weather monitoring in thane,cyclone,,
frequent cloud to ground lightning was reported in nagpur,lightning,,
according to weather observations the coastal region prepared for an approaching cyclone across nashik,cyclone,,
several areas experienced dense fog conditions across kolhapur,fog,,
weather conditions were reported with incomplete information in parts of satara,other,,
a general weather event was reported without a specific hazard across satara,other,,
authorities monitored a developing tropical cyclone around pune,cyclone,,
very heavy rainfall was recorded across the district near thane,heavy_rainfall,,
strong hailfall was reported across the region near aurangabad,hailstorm,,
several parts of the region experienced rain in nagpur,rainfall,,
residents reported light rainfall in the area in parts of satara,rainfall,,
according to weather observations severe storm activity was observed at multiple stations across nagpur,thunderstorm,,
the event description did not identify a specific weather hazard across thane,other,,
flood conditions affected communities along the river in kolhapur,flood,,
severe storm activity was observed at multiple stations in parts of aurangabad,thunderstorm,,
unusual atmospheric conditions were mentioned in the report around nashik,other,,
strong winds damaged trees across the district around thane,strong_wind,,
according to weather observations the region experienced an intense thunderstorm in thane,thunderstorm,,
a thick fog layer formed across the valley in parts of aurangabad,fog,,
storm clouds and thunder were reported by residents around nagpur,thunderstorm,,
local reports indicate that light rain was reported across the city around aurangabad,rainfall,,
local reports indicate that dusty conditions affected visibility on roads across pune,dust_storm,,
a cyclonic storm moved northward over the sea near nagpur,cyclone,,
according to weather observations severe heat conditions affected several cities across thane,heatwave,,
lightning activity continued throughout the storm across thane,lightning,,
scattered rainfall was recorded in the region across nagpur,rainfall,,
according to weather observations a number of lightning discharges occurred in the region near nashik,lightning,,
water inundation was reported in multiple streets across nashik,flood,,
a developing thunderstorm moved toward the city near nashik,thunderstorm,,
according to weather observations cyclonic conditions brought strong winds and rain across nagpur,cyclone,,
according to weather observations strong gusts caused branches to fall on roads around thane,strong_wind,,
visibility remained poor due to fog in aurangabad,fog,,
flood conditions affected communities along the river in satara,flood,,
according to weather observations a sudden dust storm swept across the region around nagpur,dust_storm,,
the region received exceptionally high rainfall across nagpur,heavy_rainfall,,
heavy precipitation persisted into the morning near nagpur,heavy_rainfall,,
heavy hail damaged agricultural fields in aurangabad,hailstorm,,
extreme rainfall was observed at several stations around aurangabad,heavy_rainfall,,
local reports indicate that large amounts of rain fell across the region around kolhapur,heavy_rainfall,,
visibility dropped sharply because of dense fog near nashik,fog,,
according to weather observations the region recorded unusually high wind speeds around nashik,strong_wind,,
strong winds accompanied the approaching cyclone near satara,cyclone,,
according to weather observations dense fog remained until late morning around aurangabad,fog,,
river water overflowed into nearby settlements near thane,flood,,
foggy conditions affected early morning travel across mumbai,fog,,
according to weather observations temperatures stayed well above the seasonal average across aurangabad,heatwave,,
high temperatures continued for another day around satara,heatwave,,
severe wind conditions disrupted local transport across kolhapur,strong_wind,,
a severe cyclone approached the coastal region in parts of mumbai,cyclone,,
persistent heavy rain affected multiple parts of the city near nagpur,heavy_rainfall,,
fog reduced visibility on major highways across satara,fog,,
a thick dust plume was observed near the city across thane,dust_storm,,
power infrastructure was affected by high winds in parts of satara,strong_wind,,
according to weather observations several fields were damaged by falling hail in parts of mumbai,hailstorm,,
according to weather observations an unspecified weather event was recorded near kolhapur,other,,
strong winds disrupted outdoor operations in kolhapur,strong_wind,,
according to weather observations the city received intense rainfall over a short period near satara,heavy_rainfall,,
an unidentified weather disturbance was observed in parts of kolhapur,other,,
according to weather observations residents reported repeated lightning strikes across mumbai,lightning,,
monitoring stations reported reduced visibility from fog in parts of satara,fog,,
dense fog reduced visibility near the city in pune,fog,,
a prolonged hot spell affected local communities in parts of thane,heatwave,,
dangerously hot conditions were observed across the area in mumbai,heatwave,,
frequent cloud to ground lightning was reported in pune,lightning,,
a large dust cloud moved through the region around thane,dust_storm,,
intense rain continued for several hours across kolhapur,heavy_rainfall,,
the city experienced unusually intense heat in parts of thane,heatwave,,
a severe heat event affected multiple districts around satara,heatwave,,
the incident requires additional information for classification in kolhapur,other,,
heat conditions remained severe through the afternoon in parts of satara,heatwave,,
homes in low lying areas were inundated near nashik,flood,,
local reports indicate that the report did not provide enough evidence to classify the event around aurangabad,other,,
a dense cloud of dust moved across the district around nagpur,dust_storm,,
the district experienced damaging wind gusts across nagpur,strong_wind,,
according to weather observations thunderstorm conditions persisted for nearly an hour in mumbai,thunderstorm,,
heavy rain caused severe water accumulation on roads in aurangabad,heavy_rainfall,,
lightning alerts were issued for several areas in satara,lightning,,
according to weather observations power infrastructure was affected by high winds across aurangabad,strong_wind,,
a hail event affected agricultural areas in parts of thane,hailstorm,,
several stations recorded record high temperatures across kolhapur,heatwave,,
the region experienced widespread lightning discharges across pune,lightning,,
a dust storm was reported during the afternoon in parts of kolhapur,dust_storm,,
strong electrical activity was observed in the clouds near kolhapur,lightning,,
according to weather observations the storm produced significant hail damage in parts of aurangabad,hailstorm,,
according to weather observations rainfall activity increased during the evening near satara,rainfall,,
dangerously hot conditions were observed across the area near pune,heatwave,,
rain was observed at multiple locations near mumbai,rainfall,,
residents reported large pieces of hail near mumbai,hailstorm,,
local reports indicate that weather stations detected strong convective storm activity near nashik,thunderstorm,,
heat conditions remained severe through the afternoon in parts of nashik,heatwave,,
several villages received light to moderate rain in parts of kolhapur,rainfall,,
residents reported light rainfall in the area across satara,rainfall,,
flood water entered shops and residential areas across kolhapur,flood,,
dusty winds disrupted visibility and travel near mumbai,dust_storm,,
the cyclone produced hazardous conditions near the coast near pune,cyclone,,
lightning was detected by monitoring stations in pune,lightning,,
a localized thunderstorm affected nearby communities near thane,thunderstorm,,
the tropical system strengthened near the coastline across thane,cyclone,,
strong gusts carried dust across open areas near mumbai,dust_storm,,
lightning strikes were observed across the district in satara,lightning,,
a large dust cloud moved through the region across mumbai,dust_storm,,
strong hailfall was reported across the region around nagpur,hailstorm,,
according to weather observations strong gusts caused branches to fall on roads across mumbai,strong_wind,,
a general weather event was reported without a specific hazard in nashik,other,,
rainfall totals were unusually high in the area across pune,heavy_rainfall,,
according to weather observations a line of thunderstorms passed through the area across aurangabad,thunderstorm,,
a localized thunderstorm affected nearby communities in parts of satara,thunderstorm,,
the district experienced intense lightning activity near mumbai,lightning,,
multiple homes were surrounded by flood water near pune,flood,,
visibility remained poor due to fog near satara,fog,,
the city received intense rainfall over a short period near mumbai,heavy_rainfall,,
thick fog covered the area during the morning near thane,fog,,
moderate rainfall was observed near the city in nagpur,rainfall,,
several areas experienced intense and continuous rainfall around thane,heavy_rainfall,,
strong thunderstorms were reported across the region across aurangabad,thunderstorm,,
a widespread dust event affected the district in pune,dust_storm,,
local reports indicate that strong winds lifted dust over several areas around kolhapur,dust_storm,,
rain showers affected normal visibility briefly near pune,rainfall,,
according to weather observations the event description did not identify a specific weather hazard across nagpur,other,,
several villages received light to moderate rain in parts of nagpur,rainfall,,
a thick fog layer formed across the valley across mumbai,fog,,
lightning activity continued throughout the storm across satara,lightning,,
a sudden dust storm swept across the region across thane,dust_storm,,
emergency teams prepared for the incoming cyclone in nagpur,cyclone,,
according to weather observations the incident requires additional information for classification in parts of thane,other,,
according to weather observations a prolonged period of heavy rain was reported across kolhapur,heavy_rainfall,,
torrential rain was reported during the evening in parts of aurangabad,heavy_rainfall,,
dense morning fog covered several roads in thane,fog,,
multiple homes were surrounded by flood water across thane,flood,,
strong gusts caused branches to fall on roads near aurangabad,strong_wind,,
flooding disrupted traffic across the district in pune,flood,,
the region remained under severe heat conditions around thane,heatwave,,
power infrastructure was affected by high winds near satara,strong_wind,,
local reports indicate that the cyclone moved closer to the coast in parts of nagpur,cyclone,,
a short but intense hailstorm affected the area in pune,hailstorm,,
according to weather observations the area experienced blowing dust during strong winds in mumbai,dust_storm,,
ice pellets fell during the afternoon storm in parts of aurangabad,hailstorm,,
according to weather observations storm clouds and thunder were reported by residents around mumbai,thunderstorm,,
weather stations recorded exceptionally high temperatures around nagpur,heatwave,,
heavy fog was reported around the airport near nashik,fog,,
thunderstorm conditions persisted for nearly an hour across nagpur,thunderstorm,,
residents reported repeated lightning strikes across pune,lightning,,
several parts of the region experienced rain in parts of satara,rainfall,,
the region experienced persistent extreme heat across aurangabad,heatwave,,
a short but intense hailstorm affected the area in parts of mumbai,hailstorm,,
the area experienced blowing dust during strong winds in parts of kolhapur,dust_storm,,
local reports indicate that extreme daytime heat was reported across the district in satara,heatwave,,
thunderstorm cells moved across the city in parts of aurangabad,thunderstorm,,
frequent cloud to ground lightning was reported around aurangabad,lightning,,
a strong storm system affected several villages in parts of satara,thunderstorm,,
the cyclone was expected to affect coastal communities around nagpur,cyclone,,
a weather related observation was received with insufficient context in parts of mumbai,other,,
local reports indicate that strong electrical activity was observed in the clouds near thane,lightning,,
several fields were damaged by falling hail across kolhapur,hailstorm,,
according to weather observations several villages were affected by flooding near pune,flood,,
residents reported unusually powerful winds around mumbai,strong_wind,,
several areas experienced dense fog conditions in parts of thane,fog,,
according to weather observations repeated lightning strikes were reported overnight in parts of nagpur,lightning,,
persistent heavy rain affected multiple parts of the city in satara,heavy_rainfall,,
lightning was observed over nearby villages across nashik,lightning,,
several lightning flashes were seen near the city in satara,lightning,,
cyclonic winds affected coastal districts across aurangabad,cyclone,,
local reports indicate that wind conditions became severe during the storm around pune,strong_wind,,
according to weather observations rain was recorded at nearby observation stations around aurangabad,rainfall,,
the tropical system strengthened near the coastline in parts of nagpur,cyclone,,
a localized thunderstorm affected nearby communities in parts of nashik,thunderstorm,,
monitoring stations reported reduced visibility from fog across aurangabad,fog,,
a moving dust front reached several villages near nashik,dust_storm,,
heavy fog was reported around the airport in thane,fog,,
according to weather observations rain showers were observed during the afternoon across aurangabad,rainfall,,
local reports indicate that thunderstorm conditions persisted for nearly an hour in parts of kolhapur,thunderstorm,,
thick mist and fog were observed before sunrise in parts of kolhapur,fog,,
the region experienced widespread lightning discharges near satara,lightning,,
airborne dust reduced visibility across highways near aurangabad,dust_storm,,
a weather related observation was received with insufficient context in pune,other,,
power infrastructure was affected by high winds in thane,strong_wind,,
hot weather persisted for several consecutive days near mumbai,heatwave,,
the report contained limited information about the observed conditions around nashik,other,,
the district reported poor visibility caused by fog near kolhapur,fog,,
residents reported unusually powerful winds near satara,strong_wind,,
according to weather observations a dust storm reduced visibility across the district across mumbai,dust_storm,,
a moving dust front reached several villages in parts of mumbai,dust_storm,,
emergency teams prepared for the incoming cyclone in satara,cyclone,,
according to weather observations a thick dust plume was observed near the city near nagpur,dust_storm,,
the district received moderate rainfall around aurangabad,rainfall,,
severe wind conditions disrupted local transport near kolhapur,strong_wind,,
flooding blocked access to several roads in aurangabad,flood,,
multiple stations recorded heavy precipitation near thane,heavy_rainfall,,
local reports indicate that several villages were affected by flooding in parts of nagpur,flood,,
according to weather observations a moving dust front reached several villages around thane,dust_storm,,
gale force winds were reported in the area in parts of mumbai,strong_wind,,
airborne dust reduced visibility across highways in parts of kolhapur,dust_storm,,
lightning was observed over nearby villages in nashik,lightning,,
power infrastructure was affected by high winds in nashik,strong_wind,,
residents reported heavy dust in the air near mumbai,dust_storm,,
local reports indicate that lightning activity increased during the evening in nashik,lightning,,
local reports indicate that very heavy rainfall was recorded across the district in thane,heavy_rainfall,,
local reports indicate that blowing dust covered several parts of the city in parts of satara,dust_storm,,
rain showers were observed during the afternoon across nashik,rainfall,,
strong winds accompanied the approaching cyclone in parts of thane,cyclone,,
the cyclone was expected to affect coastal communities in nashik,cyclone,,
strong winds lifted dust over several areas near kolhapur,dust_storm,,
intense precipitation affected transportation across the city in satara,heavy_rainfall,,
according to weather observations strong hailfall was reported across the region around nashik,hailstorm,,
thunderstorm conditions persisted for nearly an hour around satara,thunderstorm,,
the available information was insufficient for a precise classification in kolhapur,other,,
river overflow caused inundation in nearby communities in parts of kolhapur,flood,,
according to weather observations strong gusts caused branches to fall on roads in parts of pune,strong_wind,,
hot weather persisted for several consecutive days in parts of kolhapur,heatwave,,
according to weather observations a thick dust plume was observed near the city in nashik,dust_storm,,
a prolonged period of heavy rain was reported in parts of nagpur,heavy_rainfall,,
according to weather observations intense rain continued for several hours near nashik,heavy_rainfall,,
according to weather observations hail was recorded during severe convective activity around pune,hailstorm,,
a number of lightning discharges occurred in the region around satara,lightning,,
the area experienced sustained strong winds in parts of thane,strong_wind,,
very strong winds were observed near the coast in thane,strong_wind,,
hailfall affected several parts of the district around pune,hailstorm,,
according to weather observations a large dust cloud moved through the region near nashik,dust_storm,,
several trees were damaged by strong winds across mumbai,strong_wind,,
according to weather observations residents reported large pieces of hail near nagpur,hailstorm,,
a local atmospheric event was reported without classification details in pune,other,,
thunderstorms disrupted outdoor activities in the district near satara,thunderstorm,,
authorities monitored a developing tropical cyclone across mumbai,cyclone,,
frequent cloud to ground lightning was reported across nashik,lightning,,
frequent cloud to ground lightning was reported in parts of mumbai,lightning,,
local reports indicate that weather stations recorded measurable rainfall around pune,rainfall,,
according to weather observations a thick dust plume was observed near the city in parts of pune,dust_storm,,
according to weather observations frequent cloud to ground lightning was reported in parts of pune,lightning,,
a widespread dust event affected the district across mumbai,dust_storm,,
several areas experienced intense and continuous rainfall in parts of pune,heavy_rainfall,,
according to weather observations the district reported widespread water inundation in thane,flood,,
several signs and branches were damaged by wind near nashik,strong_wind,,
the region received exceptionally high rainfall near mumbai,heavy_rainfall,,
a prolonged period of heavy rain was reported in kolhapur,heavy_rainfall,,
dense fog was observed at multiple stations in parts of thane,fog,,
flooding disrupted traffic across the district in parts of kolhapur,flood,,
steady rain continued for several hours near satara,rainfall,,
residents reported light rainfall in the area near satara,rainfall,,
visibility dropped sharply because of dense fog in parts of nagpur,fog,,
power lines were affected by powerful wind gusts in parts of nashik,strong_wind,,
severe storm activity was observed at multiple stations around thane,thunderstorm,,
a prolonged period of dangerous heat was reported in pune,heatwave,,
the event description did not identify a specific weather hazard near kolhapur,other,,
the report contained limited information about the observed conditions around nagpur,other,,
local reports indicate that lightning was observed over nearby villages in nagpur,lightning,,
hot weather persisted for several consecutive days in parts of aurangabad,heatwave,,
lightning activity increased during the evening in mumbai,lightning,,
according to weather observations the cyclone remained under close weather monitoring in parts of kolhapur,cyclone,,
local reports indicate that the city received intense rainfall over a short period in parts of mumbai,heavy_rainfall,,
a severe cyclone approached the coastal region near mumbai,cyclone,,
the district experienced a strong spell of rainfall around mumbai,heavy_rainfall,,
winds increased significantly during the evening around thane,strong_wind,,
several villages received light to moderate rain near aurangabad,rainfall,,
a dense cloud of dust moved across the district in mumbai,dust_storm,,
thick fog covered the area during the morning across kolhapur,fog,,
the area experienced sustained strong winds across satara,strong_wind,,
the available report did not clearly identify the weather event in mumbai,other,,
thunderstorm activity developed during the evening near pune,thunderstorm,,
roads were submerged after water levels rose in parts of nashik,flood,,
according to weather observations thunderstorms disrupted outdoor activities in the district in thane,thunderstorm,,
several villages received light to moderate rain around nagpur,rainfall,,
a prolonged hot spell affected local communities in nashik,heatwave,,
a prolonged period of dangerous heat was reported near nashik,heatwave,,
foggy weather affected road traffic in parts of thane,fog,,
the report described unusual conditions but lacked a clear event type across nagpur,other,,
local reports indicate that severe heat conditions affected several cities across thane,heatwave,,
a cyclonic system formed over the arabian sea in parts of pune,cyclone,,
overflowing water isolated several villages across thane,flood,,
cyclonic conditions brought strong winds and rain around kolhapur,cyclone,,
a developing thunderstorm moved toward the city in satara,thunderstorm,,
several lightning flashes were seen near the city near nashik,lightning,,
airborne dust reduced visibility across highways across mumbai,dust_storm,,
foggy weather affected road traffic across nashik,fog,,
roads were submerged after water levels rose near nagpur,flood,,
thick fog covered the area during the morning across mumbai,fog,,
several fields were damaged by falling hail around nagpur,hailstorm,,
local reports indicate that homes in low lying areas were inundated near mumbai,flood,,
water covered roads and entered local houses across aurangabad,flood,,
according to weather observations persistent heavy rain affected multiple parts of the city around satara,heavy_rainfall,,
a strong storm system affected several villages around pune,thunderstorm,,
according to weather observations a developing thunderstorm moved toward the city around thane,thunderstorm,,
a prolonged period of dangerous heat was reported near satara,heatwave,,
several areas reported visible lightning flashes in mumbai,lightning,,
the coastal region prepared for an approaching cyclone near thane,cyclone,,
local reports indicate that extreme daytime heat was reported across the district near nagpur,heatwave,,
the cyclone remained under close weather monitoring in nagpur,cyclone,,
persistent heavy rain affected multiple parts of the city near thane,heavy_rainfall,,
rainfall activity increased during the evening in mumbai,rainfall,,
the city received intense rainfall over a short period in satara,heavy_rainfall,,
large hail was reported in the area across satara,hailstorm,,
overflowing water isolated several villages across nagpur,flood,,
fog reduced visibility on major highways across mumbai,fog,,
flooding disrupted traffic across the district in parts of thane,flood,,
according to weather observations the cyclone moved closer to the coast near pune,cyclone,,
several trees were damaged by strong winds around nagpur,strong_wind,,
local reports indicate that cyclonic winds affected coastal districts in thane,cyclone,,
residents reported large pieces of hail in parts of aurangabad,hailstorm,,
severe wind conditions disrupted local transport near satara,strong_wind,,
repeated lightning strikes were reported overnight across thane,lightning,,
heavy fog was reported around the airport in parts of aurangabad,fog,,
a weather related incident was reported without sufficient details near aurangabad,other,,
large hailstones struck rooftops and crops in parts of aurangabad,hailstorm,,
flooding blocked access to several roads across satara,flood,,
fog affected transportation across the region around nagpur,fog,,
flooding blocked access to several roads around satara,flood,,
thunderstorm activity increased during the afternoon in parts of nagpur,thunderstorm,,
according to weather observations continuous rain produced substantial surface runoff around nashik,heavy_rainfall,,
strong gusts damaged temporary structures around nashik,strong_wind,,
a local weather anomaly was reported without further details near nashik,other,,
blowing dust covered several parts of the city around kolhapur,dust_storm,,
local reports indicate that homes in low lying areas were inundated in parts of satara,flood,,
lightning strikes were observed across the district in parts of mumbai,lightning,,
a hail event affected agricultural areas around thane,hailstorm,,
a spell of heavy rain affected the district in parts of kolhapur,heavy_rainfall,,
several neighborhoods remained under flood water across pune,flood,,
the district reported poor visibility caused by fog in kolhapur,fog,,
severe convective storms were observed near the district around nagpur,thunderstorm,,
rain showers affected normal visibility briefly in thane,rainfall,,
water covered roads and entered local houses in kolhapur,flood,,
strong winds disrupted outdoor operations near kolhapur,strong_wind,,
the report did not provide enough evidence to classify the event across thane,other,,
according to weather observations a local atmospheric event was reported without classification details across nashik,other,,
morning fog limited visibility in several locations near kolhapur,fog,,
continuous rain produced substantial surface runoff across nashik,heavy_rainfall,,
according to weather observations blowing dust covered several parts of the city around kolhapur,dust_storm,,
rainfall was reported from multiple locations near satara,rainfall,,
according to weather observations the incident requires additional information for classification near kolhapur,other,,
thunderstorm activity increased during the afternoon near mumbai,thunderstorm,,
lightning was detected by monitoring stations in parts of aurangabad,lightning,,
hailstones fell across the district during the storm near pune,hailstorm,,
a spell of heavy rain affected the district in nashik,heavy_rainfall,,
rainfall intensity remained high throughout the night in nashik,heavy_rainfall,,
a weather related incident was reported without sufficient details in parts of nashik,other,,
a local atmospheric event was reported without classification details near nashik,other,,
residents reported light rainfall in the area across kolhapur,rainfall,,
river overflow caused inundation in nearby communities in mumbai,flood,,
high winds caused debris to fall across roads in parts of nashik,strong_wind,,
local reports indicate that a dense cloud of dust moved across the district in parts of pune,dust_storm,,
moderate rainfall was observed near the city in pune,rainfall,,
airborne dust reduced visibility across highways around mumbai,dust_storm,,
frequent lightning was reported during the storm across kolhapur,lightning,,
continuous rain produced substantial surface runoff near aurangabad,heavy_rainfall,,
cyclonic winds affected coastal districts around thane,cyclone,,
the region remained under severe heat conditions near pune,heatwave,,
the district reported poor visibility caused by fog in satara,fog,,
heavy hail damaged agricultural fields in parts of kolhapur,hailstorm,,
the tropical system strengthened near the coastline across satara,cyclone,,
local reports indicate that dense morning fog covered several roads across pune,fog,,
large hail was reported in the area in aurangabad,hailstorm,,
a general weather event was reported without a specific hazard in satara,other,,
intense precipitation affected transportation across the city in parts of aurangabad,heavy_rainfall,,
according to weather observations thunderstorm activity developed during the evening in kolhapur,thunderstorm,,
a severe heat event affected multiple districts in parts of nashik,heatwave,,
according to weather observations a strong storm system affected several villages in parts of satara,thunderstorm,,
the region experienced widespread lightning discharges around aurangabad,lightning,,
the report did not provide enough evidence to classify the event in parts of aurangabad,other,,
large hail was reported in the area in kolhapur,hailstorm,,
the region experienced a severe hailstorm in parts of aurangabad,hailstorm,,
the weather report lacked enough detail for a specific category around satara,other,,
local reports indicate that strong winds lifted dust over several areas around nagpur,dust_storm,,
the district reported widespread water inundation in parts of pune,flood,,
dense morning fog covered several roads across nashik,fog,,
hailstones fell across the district during the storm around satara,hailstorm,,
according to weather observations hailstones covered roads after the storm near kolhapur,hailstorm,,
according to weather observations a severe cyclone approached the coastal region near thane,cyclone,,
strong thunderstorms were reported across the region around satara,thunderstorm,,
several trees were damaged by strong winds in parts of mumbai,strong_wind,,
the available information was insufficient for a precise classification in pune,other,,
morning fog limited visibility in several locations in parts of mumbai,fog,,
rain was observed at multiple locations across satara,rainfall,,
the region received exceptionally high rainfall in parts of pune,heavy_rainfall,,
roads were submerged after water levels rose across nagpur,flood,,
weather stations detected strong convective storm activity in parts of thane,thunderstorm,,
dense fog was observed at multiple stations around mumbai,fog,,
residents reported repeated lightning strikes near nagpur,lightning,,
rainfall totals were unusually high in the area in pune,heavy_rainfall,,
fog reduced visibility on major highways around kolhapur,fog,,
the cyclone moved closer to the coast across thane,cyclone,,
a strong storm system affected several villages across nashik,thunderstorm,,
river overflow caused inundation in nearby communities around pune,flood,,
large hail was reported in the area near nagpur,hailstorm,,
according to weather observations rainfall was reported from multiple locations near kolhapur,rainfall,,
rainfall totals were unusually high in the area near thane,heavy_rainfall,,
local reports indicate that heat conditions remained severe through the afternoon in pune,heatwave,,
the region recorded unusually high wind speeds across pune,strong_wind,,
the report did not provide enough evidence to classify the event across pune,other,,
local reports indicate that strong winds damaged trees across the district across mumbai,strong_wind,,
a storm with thunder affected several locations near nashik,thunderstorm,,
a line of thunderstorms passed through the area around thane,thunderstorm,,
a line of thunderstorms passed through the area across aurangabad,thunderstorm,,
according to weather observations a hailstorm damaged crops in several villages near nagpur,hailstorm,,
wind speeds reached dangerous levels in the region across nagpur,strong_wind,,
heavy showers continued across the region across nagpur,heavy_rainfall,,
weather stations recorded measurable rainfall across mumbai,rainfall,,
a hail event affected agricultural areas in satara,hailstorm,,
dangerously hot conditions were observed across the area across nagpur,heatwave,,
extreme daytime heat was reported across the district across nagpur,heatwave,,
fields and roads were submerged by rising water near satara,flood,,
temperatures stayed well above the seasonal average near aurangabad,heatwave,,
an unusual condition was noted by observers in parts of mumbai,other,,
a thick dust plume was observed near the city across satara,dust_storm,,
the river crossed its danger level and flooded nearby areas around thane,flood,,
flood conditions affected communities along the river near nagpur,flood,,
according to weather observations several fields were damaged by falling hail in parts of pune,hailstorm,,
according to weather observations the storm produced significant hail damage in nashik,hailstorm,,
the region was affected by a strong dust storm in kolhapur,dust_storm,,
flood water entered several residential buildings around thane,flood,,
according to weather observations extreme rainfall was observed at several stations across nagpur,heavy_rainfall,,
the region experienced widespread lightning discharges in parts of nashik,lightning,,
the event description did not identify a specific weather hazard around aurangabad,other,,
cyclonic winds affected coastal districts around mumbai,cyclone,,
dusty conditions affected visibility on roads around nashik,dust_storm,,
several stations recorded record high temperatures across thane,heatwave,,
multiple stations recorded heavy precipitation around thane,heavy_rainfall,,
authorities monitored a developing tropical cyclone near kolhapur,cyclone,,
according to weather observations strong gusts caused branches to fall on roads in nagpur,strong_wind,,
rain was observed at multiple locations in mumbai,rainfall,,
cyclonic conditions brought strong winds and rain in parts of mumbai,cyclone,,
according to weather observations a localized thunderstorm affected nearby communities around pune,thunderstorm,,
rain showers affected normal visibility briefly in mumbai,rainfall,,
gale force winds were reported in the area across thane,strong_wind,,
local reports indicate that dust storm conditions persisted for several hours in aurangabad,dust_storm,,
strong hailfall was reported across the region around thane,hailstorm,,
a layer of fog persisted over the district in parts of nashik,fog,,
strong winds accompanied the approaching cyclone in parts of mumbai,cyclone,,
according to weather observations visibility remained poor due to fog near kolhapur,fog,,
local reports indicate that the district experienced repeated thunderstorm activity across thane,thunderstorm,,
rain was observed at multiple locations in parts of nashik,rainfall,,
according to weather observations the district reported widespread water inundation around kolhapur,flood,,
several signs and branches were damaged by wind in nashik,strong_wind,,
daytime temperatures crossed extreme levels around nagpur,heatwave,,
strong winds damaged trees across the district in parts of thane,strong_wind,,
the district experienced intense lightning activity around nagpur,lightning,,
hailstones accumulated on roads and open ground across pune,hailstorm,,
according to weather observations authorities monitored a developing tropical cyclone near nagpur,cyclone,,
heavy showers continued across the region around nashik,heavy_rainfall,,
the storm system intensified into a cyclone in parts of thane,cyclone,,
flooding blocked access to several roads in nagpur,flood,,
residents reported large pieces of hail in satara,hailstorm,,
a dense cloud of dust moved across the district near aurangabad,dust_storm,,
according to weather observations scattered rainfall was recorded in the region in thane,rainfall,,
according to weather observations residents were moved from flooded low lying areas in pune,flood,,
a number of lightning discharges occurred in the region in mumbai,lightning,,
a moving dust front reached several villages across nagpur,dust_storm,,
the district reported poor visibility caused by fog in parts of satara,fog,,
the city received intense rainfall over a short period across aurangabad,heavy_rainfall,,
according to weather observations monitoring systems recorded numerous lightning events in parts of kolhapur,lightning,,
according to weather observations rain showers affected normal visibility briefly in parts of nagpur,rainfall,,
water inundation was reported in multiple streets across kolhapur,flood,,
the district experienced a strong spell of rainfall in parts of pune,heavy_rainfall,,
the area experienced severe flooding after water levels increased around nashik,flood,,
visibility remained poor due to fog across kolhapur,fog,,
according to weather observations a severe heat event affected multiple districts in nagpur,heatwave,,
visibility dropped sharply because of dense fog across nagpur,fog,,
the weather report lacked enough detail for a specific category in nashik,other,,
a hail event affected agricultural areas across satara,hailstorm,,
the district received moderate rainfall across kolhapur,rainfall,,
flood conditions affected communities along the river across nagpur,flood,,
according to weather observations flood conditions affected communities along the river across thane,flood,,
airborne dust reduced visibility across highways across nashik,dust_storm,,
according to weather observations the region experienced a severe hailstorm near pune,hailstorm,,
the area experienced blowing dust during strong winds around aurangabad,dust_storm,,
according to weather observations rain showers affected normal visibility briefly in parts of pune,rainfall,,
the city received intense rainfall over a short period in thane,heavy_rainfall,,
local reports indicate that the coastal region prepared for an approaching cyclone in pune,cyclone,,
the region recorded unusually high wind speeds in parts of pune,strong_wind,,
according to weather observations a thick fog layer formed across the valley across thane,fog,,
satellite observations showed a well organized cyclone across nagpur,cyclone,,
a developing thunderstorm moved toward the city in parts of kolhapur,thunderstorm,,
temperatures remained unusually high across the region across nashik,heatwave,,
scattered rainfall was recorded in the region in mumbai,rainfall,,
a hail event affected agricultural areas in pune,hailstorm,,
lightning alerts were issued for several areas in aurangabad,lightning,,
thunderstorms disrupted outdoor activities in the district in parts of pune,thunderstorm,,
power infrastructure was affected by high winds in nagpur,strong_wind,,
cyclonic conditions brought strong winds and rain in parts of satara,cyclone,,
extreme daytime heat was reported across the district near kolhapur,heatwave,,
strong gusts damaged temporary structures in parts of kolhapur,strong_wind,,
a storm with thunder affected several locations near thane,thunderstorm,,
according to weather observations hailstones were observed near multiple villages around nagpur,hailstorm,,
continuous rain produced substantial surface runoff in parts of nashik,heavy_rainfall,,
a general weather event was reported without a specific hazard in parts of mumbai,other,,
the cyclone produced hazardous conditions near the coast near thane,cyclone,,
high wind speeds affected several communities in thane,strong_wind,,
the storm system intensified into a cyclone across aurangabad,cyclone,,
extremely high temperatures affected the district around mumbai,heatwave,,
the coastal region prepared for an approaching cyclone near aurangabad,cyclone,,
according to weather observations roads were submerged after water levels rose near thane,flood,,
flood conditions affected communities along the river around thane,flood,,
moderate rain occurred in several areas near mumbai,rainfall,,
according to weather observations river overflow caused inundation in nearby communities around mumbai,flood,,
the available report did not clearly identify the weather event in parts of thane,other,,
a tropical cyclone affected several coastal districts in kolhapur,cyclone,,
dangerously hot conditions were observed across the area in satara,heatwave,,
the district experienced a sustained heatwave in nagpur,heatwave,,
a short but intense hailstorm affected the area around thane,hailstorm,,
the city experienced unusually intense heat across pune,heatwave,,
flooding blocked access to several roads around nagpur,flood,,
according to weather observations airborne dust reduced visibility across highways in nagpur,dust_storm,,
the district experienced a strong spell of rainfall around nagpur,heavy_rainfall,,
daytime temperatures crossed extreme levels in parts of nashik,heatwave,,
according to weather observations a cyclone caused severe weather along the coast in mumbai,cyclone,,
local reports indicate that rain was recorded at nearby observation stations in thane,rainfall,,
several areas reported visible lightning flashes across nagpur,lightning,,
multiple homes were surrounded by flood water around satara,flood,,
moderate rain occurred in several areas in nagpur,rainfall,,
multiple homes were surrounded by flood water in nagpur,flood,,
dusty conditions affected visibility on roads in parts of thane,dust_storm,,
rain showers were observed during the afternoon in nagpur,rainfall,,
local reports indicate that several stations recorded record high temperatures across nashik,heatwave,,
local reports indicate that a local atmospheric event was reported without classification details across mumbai,other,,
thunderstorm activity increased during the afternoon in thane,thunderstorm,,
very strong winds were observed near the coast in mumbai,strong_wind,,
the district received moderate rainfall around nashik,rainfall,,
heat conditions remained severe through the afternoon around nagpur,heatwave,,
power lines were affected by powerful wind gusts across nagpur,strong_wind,,
local reports indicate that the available report did not clearly identify the weather event in parts of nagpur,other,,
large hail was reported in the area in parts of thane,hailstorm,,
local reports indicate that unusual atmospheric conditions were mentioned in the report near kolhapur,other,,
local reports indicate that intense rain continued for several hours across nashik,heavy_rainfall,,
farmers reported crop damage from hail in kolhapur,hailstorm,,
an unusual condition was noted by observers in satara,other,,
according to weather observations hail was recorded during severe convective activity across aurangabad,hailstorm,,
according to weather observations visibility remained poor due to fog near pune,fog,,
local reports indicate that lightning activity continued throughout the storm in thane,lightning,,
local reports indicate that a cyclonic system formed over the arabian sea near satara,cyclone,,
lightning alerts were issued for several areas across aurangabad,lightning,,
the district experienced repeated thunderstorm activity around satara,thunderstorm,,
rainfall intensity remained high throughout the night in mumbai,heavy_rainfall,,
local reports indicate that very strong winds were observed near the coast near mumbai,strong_wind,,
strong gusts caused branches to fall on roads in satara,strong_wind,,
fog reduced visibility on major highways in parts of satara,fog,,
an intense heat spell affected the area near thane,heatwave,,
persistent heavy rain affected multiple parts of the city around kolhapur,heavy_rainfall,,
a local weather anomaly was reported without further details near mumbai,other,,
a prolonged period of dangerous heat was reported across aurangabad,heatwave,,
wind speeds reached dangerous levels in the region near nagpur,strong_wind,,
local reports indicate that a localized thunderstorm affected nearby communities across mumbai,thunderstorm,,
lightning was observed over nearby villages in mumbai,lightning,,
thunderstorm cells moved across the city near nagpur,thunderstorm,,
the tropical system strengthened near the coastline in pune,cyclone,,
several areas reported visible lightning flashes in parts of nagpur,lightning,,
hailstones accumulated on roads and open ground across kolhapur,hailstorm,,
a cyclone caused severe weather along the coast near pune,cyclone,,
a weather related observation was received with insufficient context in parts of thane,other,,
local reports indicate that a cyclonic system formed over the arabian sea in nagpur,cyclone,,
authorities monitored a developing tropical cyclone across nashik,cyclone,,
the city experienced unusually intense heat in thane,heatwave,,
hailfall affected several parts of the district near nagpur,hailstorm,,
a cyclonic system formed over the arabian sea around thane,cyclone,,
local reports indicate that a cyclonic storm moved northward over the sea in nashik,cyclone,,
dust storm conditions persisted for several hours across satara,dust_storm,,
according to weather observations flood conditions affected communities along the river near pune,flood,,
strong winds lifted dust over several areas in parts of nashik,dust_storm,,
a prolonged period of dangerous heat was reported in mumbai,heatwave,,
local reports indicate that weather stations recorded measurable rainfall near pune,rainfall,,
according to weather observations dense fog reduced visibility near the city across satara,fog,,
a severe thunderstorm affected the district in parts of aurangabad,thunderstorm,,
the city received intense rainfall over a short period in kolhapur,heavy_rainfall,,
frequent lightning was reported during the storm near nagpur,lightning,,
severe convective storms were observed near the district across thane,thunderstorm,,
a hail event affected agricultural areas near mumbai,hailstorm,,
roads were submerged after water levels rose in parts of pune,flood,,
strong winds lifted dust over several areas near aurangabad,dust_storm,,
a prolonged period of heavy rain was reported across mumbai,heavy_rainfall,,
several signs and branches were damaged by wind in parts of aurangabad,strong_wind,,
rainfall totals were unusually high in the area around satara,heavy_rainfall,,
thunderstorm conditions persisted for nearly an hour around pune,thunderstorm,,
dust storm conditions persisted for several hours around thane,dust_storm,,
hailstones accumulated on roads and open ground in thane,hailstorm,,
a hailstorm damaged crops in several villages in parts of mumbai,hailstorm,,
according to weather observations a widespread dust event affected the district around nagpur,dust_storm,,
heavy showers continued across the region in parts of pune,heavy_rainfall,,
the report did not provide enough evidence to classify the event near satara,other,,
local reports indicate that roads were submerged after water levels rose across aurangabad,flood,,
weather stations recorded exceptionally high temperatures in nagpur,heatwave,,
local reports indicate that the area experienced periods of rain in pune,rainfall,,
the cyclone moved closer to the coast around mumbai,cyclone,,
homes in low lying areas were inundated in parts of aurangabad,flood,,
local reports indicate that persistent heavy rain affected multiple parts of the city in parts of mumbai,heavy_rainfall,,
according to weather observations an unspecified weather event was recorded near nagpur,other,,
torrential rain was reported during the evening in parts of mumbai,heavy_rainfall,,
a tropical cyclone affected several coastal districts in nagpur,cyclone,,
a localized thunderstorm affected nearby communities near nagpur,thunderstorm,,
the region received exceptionally high rainfall around nagpur,heavy_rainfall,,
water covered roads and entered local houses across nashik,flood,,
storm clouds and thunder were reported by residents across pune,thunderstorm,,
extremely high temperatures affected the district near thane,heatwave,,
heavy hail damaged agricultural fields near satara,hailstorm,,
an unusual condition was noted by observers in parts of kolhapur,other,,
strong winds lifted dust over several areas near satara,dust_storm,,
several signs and branches were damaged by wind across thane,strong_wind,,
the region experienced persistent extreme heat in pune,heatwave,,
according to weather observations a local weather anomaly was reported without further details in satara,other,,
electrical storm activity was detected across the region near nashik,lightning,,
extreme rainfall was observed at several stations in satara,heavy_rainfall,,
lightning was observed over nearby villages in parts of aurangabad,lightning,,
hailstones covered roads after the storm in parts of aurangabad,hailstorm,,
according to weather observations dense fog was observed at multiple stations around nashik,fog,,
local reports indicate that ice pellets fell during the afternoon storm across thane,hailstorm,,
according to weather observations rain showers were observed during the afternoon near satara,rainfall,,
homes in low lying areas were inundated near thane,flood,,
the river crossed its danger level and flooded nearby areas near satara,flood,,
persistent fog covered low lying areas near mumbai,fog,,
according to weather observations lightning activity continued throughout the storm around satara,lightning,,
thunderstorm activity increased during the afternoon near aurangabad,thunderstorm,,
according to weather observations a cyclonic storm moved northward over the sea around nagpur,cyclone,,
severe heat conditions affected several cities around satara,heatwave,,
a prolonged hot spell affected local communities near satara,heatwave,,
thunderstorm activity increased during the afternoon near kolhapur,thunderstorm,,
dense morning fog covered several roads around mumbai,fog,,
a cyclonic storm moved northward over the sea in satara,cyclone,,
a dust storm reduced visibility across the district around thane,dust_storm,,
several fields were damaged by falling hail in parts of satara,hailstorm,,
according to weather observations hot weather persisted for several consecutive days near thane,heatwave,,
local reports indicate that a local atmospheric event was reported without classification details in parts of kolhapur,other,,
light rain was reported across the city in pune,rainfall,,
the river crossed its danger level and flooded nearby areas around mumbai,flood,,
a line of thunderstorms passed through the area near kolhapur,thunderstorm,,
daytime temperatures crossed extreme levels around mumbai,heatwave,,
rainfall totals were unusually high in the area across nashik,heavy_rainfall,,
high winds caused debris to fall across roads across satara,strong_wind,,
dusty winds disrupted visibility and travel across nashik,dust_storm,,
strong gusts caused branches to fall on roads in parts of mumbai,strong_wind,,
several lightning flashes were seen near the city across pune,lightning,,
according to weather observations extreme daytime heat was reported across the district near aurangabad,heatwave,,
extreme rainfall was observed at several stations in parts of kolhapur,heavy_rainfall,,
according to weather observations lightning activity continued throughout the storm in parts of kolhapur,lightning,,
the region experienced an intense thunderstorm near nashik,thunderstorm,,
according to weather observations water covered roads and entered local houses near pune,flood,,
according to weather observations the coastal region prepared for an approaching cyclone near thane,cyclone,,
according to weather observations the storm system intensified into a cyclone near satara,cyclone,,
local reports indicate that thick mist and fog were observed before sunrise around thane,fog,,
local reports indicate that the district experienced intense lightning activity near aurangabad,lightning,,
a general weather event was reported without a specific hazard across kolhapur,other,,
the district experienced a sustained heatwave in parts of kolhapur,heatwave,,
lightning was observed over nearby villages near mumbai,lightning,,
dense fog remained until late morning around nashik,fog,,
scattered rainfall was recorded in the region in parts of nashik,rainfall,,
several parts of the region experienced rain near mumbai,rainfall,,
a layer of fog persisted over the district across aurangabad,fog,,
electrical storm activity was detected across the region around nagpur,lightning,,
a sudden dust storm swept across the region across nagpur,dust_storm,,
unusual atmospheric conditions were mentioned in the report near pune,other,,
according to weather observations a number of lightning discharges occurred in the region in nagpur,lightning,,
according to weather observations a line of thunderstorms passed through the area around satara,thunderstorm,,
local reports indicate that the area experienced periods of rain in thane,rainfall,,
very heavy rainfall was recorded across the district in nashik,heavy_rainfall,,
very strong winds were observed near the coast near nagpur,strong_wind,,
frequent cloud to ground lightning was reported in parts of kolhapur,lightning,,
extremely high temperatures affected the district around pune,heatwave,,
according to weather observations extreme rainfall was observed at several stations near satara,heavy_rainfall,,
roads were submerged after water levels rose in aurangabad,flood,,
intense precipitation affected transportation across the city in parts of pune,heavy_rainfall,,
fog affected transportation across the region near nagpur,fog,,
the incident requires additional information for classification across thane,other,,
a dense cloud of dust moved across the district in aurangabad,dust_storm,,
rainfall was reported from multiple locations in parts of nagpur,rainfall,,
intense precipitation affected transportation across the city around satara,heavy_rainfall,,
unusual atmospheric conditions were mentioned in the report in kolhapur,other,,
the region recorded unusually high wind speeds in thane,strong_wind,,
frequent lightning was reported during the storm in pune,lightning,,
according to weather observations the region remained under severe heat conditions in parts of mumbai,heatwave,,
rain showers affected normal visibility briefly in parts of nashik,rainfall,,
according to weather observations a weather related observation was received with insufficient context near thane,other,,
large hailstones struck rooftops and crops around thane,hailstorm,,
power lines were affected by powerful wind gusts across pune,strong_wind,,
according to weather observations the available report did not clearly identify the weather event in parts of thane,other,,
local reports indicate that airborne dust reduced visibility across highways in parts of nagpur,dust_storm,,
according to weather observations lightning was observed over nearby villages in pune,lightning,,
the region experienced widespread lightning discharges around nashik,lightning,,
local reports indicate that hailfall affected several parts of the district across nashik,hailstorm,,
multiple homes were surrounded by flood water across nagpur,flood,,
several lightning flashes were seen near the city around aurangabad,lightning,,
visibility dropped sharply because of dense fog in parts of mumbai,fog,,
lightning alerts were issued for several areas near nashik,lightning,,
a powerful cyclone was observed over the sea around nagpur,cyclone,,
an unspecified weather event was recorded near pune,other,,
a severe cyclone approached the coastal region near aurangabad,cyclone,,
cyclonic conditions brought strong winds and rain around satara,cyclone,,
a cyclone warning was issued for coastal areas across nagpur,cyclone,,
steady rain continued for several hours in parts of kolhapur,rainfall,,
power lines were affected by powerful wind gusts near mumbai,strong_wind,,
the region received exceptionally high rainfall around aurangabad,heavy_rainfall,,
the storm system intensified into a cyclone across mumbai,cyclone,,
according to weather observations thunderstorm cells moved across the city across kolhapur,thunderstorm,,
emergency teams prepared for the incoming cyclone around pune,cyclone,,
the available information was insufficient for a precise classification near satara,other,,
storm activity intensified over the region across mumbai,thunderstorm,,
a severe cyclone approached the coastal region across pune,cyclone,,
thick mist and fog were observed before sunrise in mumbai,fog,,
wind speeds reached dangerous levels in the region around pune,strong_wind,,
according to weather observations heavy showers continued across the region near nagpur,heavy_rainfall,,
a layer of fog persisted over the district in parts of aurangabad,fog,,
roads were submerged after water levels rose in satara,flood,,
heavy fog was reported around the airport across mumbai,fog,,
wind speeds reached dangerous levels in the region across aurangabad,strong_wind,,
thick mist and fog were observed before sunrise in nagpur,fog,,
a thick dust plume was observed near the city in nashik,dust_storm,,
light rain was reported across the city across nashik,rainfall,,
lightning activity continued throughout the storm across mumbai,lightning,,
local reports indicate that power lines were affected by powerful wind gusts in parts of pune,strong_wind,,
according to weather observations intermittent rain affected the district around aurangabad,rainfall,,
persistent heavy rain affected multiple parts of the city near kolhapur,heavy_rainfall,,
water inundation was reported in multiple streets around pune,flood,,
a thick fog layer formed across the valley across kolhapur,fog,,
according to weather observations a dust storm was reported during the afternoon in nagpur,dust_storm,,
dusty winds disrupted visibility and travel near satara,dust_storm,,
the region received exceptionally high rainfall in parts of mumbai,heavy_rainfall,,
strong gusts caused branches to fall on roads in nagpur,strong_wind,,
according to weather observations persistent heavy rain affected multiple parts of the city around nagpur,heavy_rainfall,,
torrential rain was reported during the evening in kolhapur,heavy_rainfall,,
multiple lightning strikes occurred within a short period in kolhapur,lightning,,
authorities monitored a developing tropical cyclone around mumbai,cyclone,,
the region was affected by a strong dust storm in parts of satara,dust_storm,,
roads were submerged after water levels rose in kolhapur,flood,,
a thick fog layer formed across the valley in parts of nashik,fog,,
dusty winds disrupted visibility and travel across pune,dust_storm,,
strong electrical activity was observed in the clouds around thane,lightning,,
extreme rainfall was observed at several stations near satara,heavy_rainfall,,
frequent lightning was reported during the storm across mumbai,lightning,,
a developing thunderstorm moved toward the city in aurangabad,thunderstorm,,
local reports indicate that high wind speeds affected several communities in parts of nagpur,strong_wind,,
weather conditions were reported with incomplete information in parts of aurangabad,other,,
intense precipitation affected transportation across the city in nashik,heavy_rainfall,,
heavy hail damaged agricultural fields around mumbai,hailstorm,,
blowing dust covered several parts of the city in pune,dust_storm,,
power infrastructure was affected by high winds around satara,strong_wind,,
according to weather observations the area experienced periods of rain across thane,rainfall,,
rain showers were observed during the afternoon around aurangabad,rainfall,,
local reports indicate that the area experienced sustained strong winds in nagpur,strong_wind,,
strong gusts carried dust across open areas around nagpur,dust_storm,,
a severe thunderstorm affected the district across thane,thunderstorm,,
morning fog limited visibility in several locations near pune,fog,,
residents reported large pieces of hail near nagpur,hailstorm,,
heavy precipitation persisted into the morning near mumbai,heavy_rainfall,,
residents reported heavy dust in the air in pune,dust_storm,,
winds increased significantly during the evening near aurangabad,strong_wind,,
fog affected transportation across the region across thane,fog,,
the region was affected by a strong dust storm around nagpur,dust_storm,,
a weather related incident was reported without sufficient details across nagpur,other,,
lightning was observed over nearby villages across mumbai,lightning,,
daytime temperatures crossed extreme levels near aurangabad,heatwave,,
dense fog was observed at multiple stations in parts of kolhapur,fog,,
the region received exceptionally high rainfall in parts of kolhapur,heavy_rainfall,,
according to weather observations ice pellets fell during the afternoon storm in parts of aurangabad,hailstorm,,
a local weather anomaly was reported without further details in pune,other,,
dense fog remained until late morning in kolhapur,fog,,
torrential rain was reported during the evening near mumbai,heavy_rainfall,,
river water overflowed into nearby settlements near mumbai,flood,,
the region was affected by a strong dust storm near nashik,dust_storm,,
a strong storm system affected several villages in parts of pune,thunderstorm,,
rain showers affected normal visibility briefly in kolhapur,rainfall,,
local reports indicate that the region was affected by a strong dust storm near kolhapur,dust_storm,,
dense fog reduced visibility near the city in parts of nagpur,fog,,
the region experienced an intense thunderstorm in pune,thunderstorm,,
according to weather observations several areas reported visible lightning flashes in nashik,lightning,,
foggy weather affected road traffic across mumbai,fog,,
flood water entered shops and residential areas in parts of nagpur,flood,,
the district reported poor visibility caused by fog near aurangabad,fog,,
according to weather observations thunderstorm conditions persisted for nearly an hour across thane,thunderstorm,,
the cyclone was expected to affect coastal communities near kolhapur,cyclone,,
the area experienced severe flooding after water levels increased across kolhapur,flood,,
satellite observations showed a well organized cyclone around nagpur,cyclone,,
intermittent rain affected the district around pune,rainfall,,
according to weather observations a hail event affected agricultural areas near kolhapur,hailstorm,,
dusty winds disrupted visibility and travel across nagpur,dust_storm,,
cyclonic conditions brought strong winds and rain in parts of thane,cyclone,,
several areas reported visible lightning flashes in kolhapur,lightning,,
strong winds disrupted outdoor operations around kolhapur,strong_wind,,
strong winds damaged trees across the district in thane,strong_wind,,
cyclonic winds affected coastal districts near pune,cyclone,,
according to weather observations the city experienced unusually intense heat near satara,heatwave,,
several neighborhoods remained under flood water near kolhapur,flood,,
the storm produced significant hail damage around thane,hailstorm,,
temperatures stayed well above the seasonal average around aurangabad,heatwave,,
a moving dust front reached several villages across mumbai,dust_storm,,
the cyclone was expected to affect coastal communities in pune,cyclone,,
river overflow caused inundation in nearby communities in aurangabad,flood,,
weather conditions were reported with incomplete information around thane,other,,
according to weather observations the region experienced widespread lightning discharges in nashik,lightning,,
residents reported light rainfall in the area in nashik,rainfall,,
a dense cloud of dust moved across the district in pune,dust_storm,,
large amounts of rain fell across the region near kolhapur,heavy_rainfall,,
the region experienced a severe hailstorm near thane,hailstorm,,
local reports indicate that thunderstorm activity developed during the evening in parts of aurangabad,thunderstorm,,
lightning strikes were recorded at multiple locations in pune,lightning,,
local reports indicate that a prolonged hot spell affected local communities across aurangabad,heatwave,,
a cyclone caused severe weather along the coast around nashik,cyclone,,
several villages received light to moderate rain in mumbai,rainfall,,
according to weather observations rain showers were observed during the afternoon around nashik,rainfall,,
strong gusts carried dust across open areas across mumbai,dust_storm,,
several fields were damaged by falling hail near nagpur,hailstorm,,
multiple stations recorded heavy precipitation in aurangabad,heavy_rainfall,,
the cyclone was expected to affect coastal communities near mumbai,cyclone,,
an unusual condition was noted by observers in kolhapur,other,,
strong hailfall was reported across the region in parts of aurangabad,hailstorm,,
according to weather observations the area experienced severe flooding after water levels increased in mumbai,flood,,
a general weather event was reported without a specific hazard in thane,other,,
the area experienced blowing dust during strong winds in parts of thane,dust_storm,,
according to weather observations lightning was detected by monitoring stations in parts of mumbai,lightning,,
residents were moved from flooded low lying areas in parts of nashik,flood,,
emergency teams prepared for the incoming cyclone in parts of aurangabad,cyclone,,
intense precipitation affected transportation across the city across aurangabad,heavy_rainfall,,
persistent heavy rain affected multiple parts of the city in pune,heavy_rainfall,,
according to weather observations several villages were affected by flooding near aurangabad,flood,,
visibility remained poor due to fog across mumbai,fog,,
according to weather observations the district experienced damaging wind gusts in satara,strong_wind,,
according to weather observations hail was recorded during severe convective activity across kolhapur,hailstorm,,
hailstones fell across the district during the storm in parts of pune,hailstorm,,
according to weather observations rainfall totals were unusually high in the area in nashik,heavy_rainfall,,
according to weather observations continuous rain produced substantial surface runoff around aurangabad,heavy_rainfall,,
thunderstorm activity increased during the afternoon around nashik,thunderstorm,,
strong winds damaged trees across the district across satara,strong_wind,,
according to weather observations the river crossed its danger level and flooded nearby areas in thane,flood,,
the available report did not clearly identify the weather event across thane,other,,
local reports indicate that hailstones fell across the district during the storm near kolhapur,hailstorm,,
local reports indicate that lightning strikes were observed across the district in nagpur,lightning,,
several signs and branches were damaged by wind in parts of satara,strong_wind,,
strong winds lifted dust over several areas around kolhapur,dust_storm,,
according to weather observations morning fog limited visibility in several locations in parts of mumbai,fog,,
residents reported large pieces of hail in kolhapur,hailstorm,,
satellite observations showed a well organized cyclone in parts of mumbai,cyclone,,
several areas reported visible lightning flashes in nashik,lightning,,
the area experienced sustained strong winds across pune,strong_wind,,
the weather report lacked enough detail for a specific category around nagpur,other,,
fog reduced visibility on major highways in parts of kolhapur,fog,,
dust filled winds affected nearby communities in parts of kolhapur,dust_storm,,
rain showers were observed during the afternoon across pune,rainfall,,
thunderstorms disrupted outdoor activities in the district in parts of aurangabad,thunderstorm,,
multiple lightning strikes occurred within a short period in parts of thane,lightning,,
the district experienced repeated thunderstorm activity in parts of pune,thunderstorm,,
a cyclonic system formed over the arabian sea across thane,cyclone,,
flood conditions affected communities along the river near pune,flood,,
several areas experienced intense and continuous rainfall in thane,heavy_rainfall,,
temperatures stayed well above the seasonal average across nashik,heatwave,,
continuous rain produced substantial surface runoff around nagpur,heavy_rainfall,,
hailstones fell across the district during the storm across mumbai,hailstorm,,
local reports indicate that repeated lightning strikes were reported overnight across thane,lightning,,
local reports indicate that monitoring systems recorded numerous lightning events in parts of mumbai,lightning,,
according to weather observations electrical storm activity was detected across the region near pune,lightning,,
dangerously hot conditions were observed across the area across aurangabad,heatwave,,
intense precipitation affected transportation across the city near pune,heavy_rainfall,,
cyclonic winds affected coastal districts across mumbai,cyclone,,
winds increased significantly during the evening around mumbai,strong_wind,,
residents reported repeated lightning strikes in parts of aurangabad,lightning,,
strong electrical activity was observed in the clouds in nashik,lightning,,
local reports indicate that dangerously hot conditions were observed across the area around pune,heatwave,,
strong thunderstorms were reported across the region in parts of nashik,thunderstorm,,
the cyclone produced hazardous conditions near the coast in thane,cyclone,,
a strong storm system affected several villages in mumbai,thunderstorm,,
a prolonged period of heavy rain was reported near thane,heavy_rainfall,,
electrical storm activity was detected across the region around nashik,lightning,,
authorities monitored a developing tropical cyclone across nagpur,cyclone,,
electrical storm activity was detected across the region across nagpur,lightning,,
extreme rainfall was observed at several stations in parts of thane,heavy_rainfall,,
intense rain continued for several hours in parts of aurangabad,heavy_rainfall,,
multiple stations recorded heavy precipitation in parts of satara,heavy_rainfall,,
severe heat conditions affected several cities across satara,heatwave,,
local reports indicate that authorities monitored a developing tropical cyclone around thane,cyclone,,
rain was observed at multiple locations across nagpur,rainfall,,
dust storm conditions persisted for several hours in aurangabad,dust_storm,,
a sudden hailstorm damaged crops and vehicles in parts of aurangabad,hailstorm,,
a spell of heavy rain affected the district across mumbai,heavy_rainfall,,
a dense cloud of dust moved across the district across pune,dust_storm,,
according to weather observations the region received exceptionally high rainfall in parts of pune,heavy_rainfall,,
very heavy rainfall was recorded across the district around mumbai,heavy_rainfall,,
a dust storm was reported during the afternoon across thane,dust_storm,,
the district received moderate rainfall across thane,rainfall,,
a thick dust plume was observed near the city in parts of nagpur,dust_storm,,
several villages received light to moderate rain near mumbai,rainfall,,
several lightning flashes were seen near the city around mumbai,lightning,,
according to weather observations the region was affected by a strong dust storm around satara,dust_storm,,
a weather related observation was received with insufficient context near nagpur,other,,
local reports indicate that electrical storm activity was detected across the region near thane,lightning,,
several areas experienced dense fog conditions across mumbai,fog,,
strong gusts damaged temporary structures around pune,strong_wind,,
a powerful cyclone was observed over the sea across pune,cyclone,,
according to weather observations a thick fog layer formed across the valley near nagpur,fog,,
several villages received light to moderate rain in nagpur,rainfall,,
according to weather observations lightning was observed over nearby villages near mumbai,lightning,,
local reports indicate that thunderstorms disrupted outdoor activities in the district across pune,thunderstorm,,
hailfall affected several parts of the district in pune,hailstorm,,
the region was affected by a strong dust storm in parts of nagpur,dust_storm,,
the weather report lacked enough detail for a specific category around thane,other,,
dusty conditions affected visibility on roads in pune,dust_storm,,
the report described unusual conditions but lacked a clear event type around nagpur,other,,
multiple lightning strikes occurred within a short period across mumbai,lightning,,
heavy fog was reported around the airport around thane,fog,,
according to weather observations a storm with thunder affected several locations in pune,thunderstorm,,
a local atmospheric event was reported without classification details near nagpur,other,,
the city experienced unusually intense heat near aurangabad,heatwave,,
the district experienced damaging wind gusts across aurangabad,strong_wind,,
heavy precipitation persisted into the morning across mumbai,heavy_rainfall,,
flood conditions affected communities along the river across satara,flood,,
local reports indicate that flooding disrupted traffic across the district near thane,flood,,
lightning activity increased during the evening near kolhapur,lightning,,
residents reported light rainfall in the area across aurangabad,rainfall,,
local reports indicate that multiple lightning strikes occurred within a short period across nashik,lightning,,
dense fog was observed at multiple stations across thane,fog,,
a dust storm reduced visibility across the district in parts of nashik,dust_storm,,
overflowing water isolated several villages near nagpur,flood,,
weather stations recorded measurable rainfall across satara,rainfall,,
thunder was heard as a storm crossed the area in parts of nagpur,thunderstorm,,
a severe cyclone approached the coastal region around pune,cyclone,,
a moving dust front reached several villages around aurangabad,dust_storm,,
a local atmospheric event was reported without classification details in satara,other,,
the area experienced sustained strong winds around nagpur,strong_wind,,
extreme daytime heat was reported across the district in nagpur,heatwave,,
the region experienced an intense thunderstorm across nashik,thunderstorm,,
residents reported large pieces of hail in mumbai,hailstorm,,
rainfall totals were unusually high in the area near mumbai,heavy_rainfall,,
a dust storm reduced visibility across the district in parts of kolhapur,dust_storm,,
local reports indicate that river overflow caused inundation in nearby communities across nashik,flood,,
winds increased significantly during the evening in nagpur,strong_wind,,
a cyclone warning was issued for coastal areas in parts of kolhapur,cyclone,,
homes in low lying areas were inundated in parts of mumbai,flood,,
multiple stations recorded heavy precipitation in thane,heavy_rainfall,,
emergency teams prepared for the incoming cyclone around nagpur,cyclone,,
strong gusts carried dust across open areas in nashik,dust_storm,,
heavy rain caused severe water accumulation on roads across nashik,heavy_rainfall,,
a storm with thunder affected several locations around nashik,thunderstorm,,
local reports indicate that rain was observed at multiple locations in parts of nashik,rainfall,,
according to weather observations fog affected transportation across the region across kolhapur,fog,,
the region experienced a severe hailstorm in parts of mumbai,hailstorm,,
residents reported light rainfall in the area near thane,rainfall,,
according to weather observations several areas experienced intense and continuous rainfall in parts of thane,heavy_rainfall,,
a general weather disturbance was reported in the area in nagpur,other,,
multiple stations recorded heavy precipitation in nagpur,heavy_rainfall,,
dense fog remained until late morning in nagpur,fog,,
the district reported poor visibility caused by fog across aurangabad,fog,,
flood water entered several residential buildings in kolhapur,flood,,
severe wind conditions disrupted local transport around mumbai,strong_wind,,
foggy conditions affected early morning travel around pune,fog,,
the incident requires additional information for classification in parts of thane,other,,
the region recorded unusually high wind speeds in parts of nashik,strong_wind,,
thunderstorm conditions persisted for nearly an hour in parts of thane,thunderstorm,,
farmers reported crop damage from hail around nashik,hailstorm,,
local reports indicate that ice pellets fell during the afternoon storm in pune,hailstorm,,
a cyclone warning was issued for coastal areas in mumbai,cyclone,,
the cyclone produced hazardous conditions near the coast in pune,cyclone,,
extremely high temperatures affected the district near nagpur,heatwave,,
local reports indicate that rainfall totals were unusually high in the area across nashik,heavy_rainfall,,
several signs and branches were damaged by wind across aurangabad,strong_wind,,
according to weather observations moderate rainfall was observed near the city across thane,rainfall,,
a severe thunderstorm affected the district around mumbai,thunderstorm,,
moderate rainfall was observed near the city in parts of nagpur,rainfall,,
several villages were affected by flooding in parts of thane,flood,,
the area experienced severe flooding after water levels increased across nagpur,flood,,
monitoring stations reported reduced visibility from fog near mumbai,fog,,
high winds caused debris to fall across roads near nashik,strong_wind,,
very heavy rainfall was recorded across the district near nashik,heavy_rainfall,,
according to weather observations the weather report lacked enough detail for a specific category in satara,other,,
flood conditions affected communities along the river in thane,flood,,
visibility remained poor due to fog in parts of nashik,fog,,
hail was recorded during severe convective activity in parts of thane,hailstorm,,
satellite observations showed a well organized cyclone in mumbai,cyclone,,
a severe heat event affected multiple districts across mumbai,heatwave,,
continuous rain produced substantial surface runoff across mumbai,heavy_rainfall,,
the district received moderate rainfall in thane,rainfall,,
according to weather observations river water overflowed into nearby settlements around mumbai,flood,,
severe storm activity was observed at multiple stations around nashik,thunderstorm,,
high wind speeds affected several communities across kolhapur,strong_wind,,
according to weather observations overflowing water isolated several villages in mumbai,flood,,
overflowing water isolated several villages near nashik,flood,,
local reports indicate that extreme rainfall was observed at several stations around mumbai,heavy_rainfall,,
river water overflowed into nearby settlements in parts of satara,flood,,
according to weather observations a severe cyclone approached the coastal region across nagpur,cyclone,,
a hail event affected agricultural areas in parts of pune,hailstorm,,
according to weather observations large amounts of rain fell across the region in parts of satara,heavy_rainfall,,
several villages received light to moderate rain in parts of mumbai,rainfall,,
flood conditions affected communities along the river in parts of aurangabad,flood,,
local reports indicate that river overflow caused inundation in nearby communities near nagpur,flood,,
intermittent rain affected the district in parts of aurangabad,rainfall,,
according to weather observations roads were submerged after water levels rose around satara,flood,,
the region received exceptionally high rainfall in kolhapur,heavy_rainfall,,
according to weather observations weather stations detected strong convective storm activity in parts of kolhapur,thunderstorm,,
an intense heat spell affected the area in parts of satara,heatwave,,
the report described unusual conditions but lacked a clear event type across thane,other,,
thunder was heard as a storm crossed the area around kolhapur,thunderstorm,,
cyclonic winds affected coastal districts in mumbai,cyclone,,
according to weather observations persistent fog covered low lying areas across nagpur,fog,,
hailstones covered roads after the storm in kolhapur,hailstorm,,
light rain was reported across the city in nagpur,rainfall,,
a short but intense hailstorm affected the area in parts of satara,hailstorm,,
wind conditions became severe during the storm around pune,strong_wind,,
according to weather observations the area experienced periods of rain across nagpur,rainfall,,
thick fog covered the area during the morning in parts of mumbai,fog,,
local reports indicate that farmers reported crop damage from hail in parts of nashik,hailstorm,,
according to weather observations fog affected transportation across the region across nagpur,fog,,
the region experienced widespread lightning discharges in parts of satara,lightning,,
according to weather observations lightning strikes were observed across the district across pune,lightning,,
the storm produced significant hail damage near nagpur,hailstorm,,
according to weather observations power lines were affected by powerful wind gusts near satara,strong_wind,,
lightning alerts were issued for several areas near mumbai,lightning,,
extreme daytime heat was reported across the district in mumbai,heatwave,,
the report described unusual conditions but lacked a clear event type in thane,other,,
according to weather observations the area experienced sustained strong winds across nashik,strong_wind,,
local reports indicate that heavy fog was reported around the airport around nashik,fog,,
a cyclone warning was issued for coastal areas around aurangabad,cyclone,,
flood water entered shops and residential areas across pune,flood,,
according to weather observations severe wind conditions disrupted local transport across pune,strong_wind,,
according to weather observations rain showers were observed during the afternoon around aurangabad,rainfall,,
the event description did not identify a specific weather hazard across nagpur,other,,
several lightning flashes were seen near the city around kolhapur,lightning,,
the storm produced significant hail damage near satara,hailstorm,,
the district experienced damaging wind gusts in parts of pune,strong_wind,,
satellite observations showed a well organized cyclone around thane,cyclone,,
the city received intense rainfall over a short period in parts of thane,heavy_rainfall,,
the region was affected by a strong dust storm in parts of thane,dust_storm,,
visibility deteriorated because of airborne dust in satara,dust_storm,,
a strong storm system affected several villages around nashik,thunderstorm,,
according to weather observations a dust storm was reported during the afternoon across nagpur,dust_storm,,
the district experienced repeated thunderstorm activity in parts of nagpur,thunderstorm,,
a cyclonic storm moved northward over the sea in parts of thane,cyclone,,
multiple stations recorded heavy precipitation in pune,heavy_rainfall,,
moderate rainfall was observed near the city near aurangabad,rainfall,,
power lines were affected by powerful wind gusts near thane,strong_wind,,
a local weather anomaly was reported without further details around satara,other,,
extremely high temperatures affected the district near pune,heatwave,,
electrical storm activity was detected across the region across kolhapur,lightning,,
local reports indicate that a prolonged period of dangerous heat was reported across pune,heatwave,,
a dust storm reduced visibility across the district in thane,dust_storm,,
the coastal region prepared for an approaching cyclone near nagpur,cyclone,,
severe heat conditions affected several cities around mumbai,heatwave,,
moderate rain occurred in several areas in kolhapur,rainfall,,
local reports indicate that visibility dropped sharply because of dense fog in parts of aurangabad,fog,,
local reports indicate that fields and roads were submerged by rising water across aurangabad,flood,,
according to weather observations lightning strikes were recorded at multiple locations in parts of satara,lightning,,
several areas experienced intense and continuous rainfall near aurangabad,heavy_rainfall,,
lightning activity increased during the evening around thane,lightning,,
according to weather observations a prolonged period of dangerous heat was reported in parts of pune,heatwave,,
a prolonged period of dangerous heat was reported across thane,heatwave,,
fields and roads were submerged by rising water in aurangabad,flood,,
according to weather observations lightning activity continued throughout the storm in parts of nashik,lightning,,
water inundation was reported in multiple streets in thane,flood,,
a prolonged hot spell affected local communities around aurangabad,heatwave,,
a weather related incident was reported without sufficient details in parts of nagpur,other,,
large hailstones struck rooftops and crops in parts of pune,hailstorm,,
according to weather observations a localized thunderstorm affected nearby communities near nashik,thunderstorm,,
fog affected transportation across the region near kolhapur,fog,,
severe convective storms were observed near the district in satara,thunderstorm,,
roads were submerged after water levels rose in parts of aurangabad,flood,,
the region remained under severe heat conditions in kolhapur,heatwave,,
temperatures stayed well above the seasonal average in parts of mumbai,heatwave,,
residents reported unusually powerful winds across nagpur,strong_wind,,
local reports indicate that the cyclone produced hazardous conditions near the coast in parts of nashik,cyclone,,
gale force winds were reported in the area around aurangabad,strong_wind,,
large amounts of rain fell across the region in parts of thane,heavy_rainfall,,
water covered roads and entered local houses across nagpur,flood,,
according to weather observations temperatures remained unusually high across the region near nagpur,heatwave,,
foggy weather affected road traffic around mumbai,fog,,
monitoring stations reported reduced visibility from fog near satara,fog,,
residents reported unusually powerful winds in parts of thane,strong_wind,,
heavy precipitation persisted into the morning around mumbai,heavy_rainfall,,
water inundation was reported in multiple streets around thane,flood,,
the region experienced widespread lightning discharges in thane,lightning,,
according to weather observations high winds caused debris to fall across roads around satara,strong_wind,,
a severe cyclone approached the coastal region in aurangabad,cyclone,,
severe heat conditions affected several cities in parts of satara,heatwave,,
strong winds damaged trees across the district in parts of nagpur,strong_wind,,
morning fog limited visibility in several locations around thane,fog,,
strong winds lifted dust over several areas near pune,dust_storm,,
dust filled winds affected nearby communities in parts of nashik,dust_storm,,
the cyclone moved closer to the coast around nagpur,cyclone,,
according to weather observations a dust storm was reported during the afternoon in nashik,dust_storm,,
river overflow caused inundation in nearby communities near satara,flood,,
a dust storm reduced visibility across the district in kolhapur,dust_storm,,
local reports indicate that the report did not provide enough evidence to classify the event in satara,other,,
emergency teams prepared for the incoming cyclone around mumbai,cyclone,,
overflowing water isolated several villages near mumbai,flood,,
local reports indicate that rainfall totals were unusually high in the area around thane,heavy_rainfall,,
rain was observed at multiple locations around aurangabad,rainfall,,
according to weather observations cyclonic conditions brought strong winds and rain across pune,cyclone,,
according to weather observations hailstones fell across the district during the storm in thane,hailstorm,,
emergency teams prepared for the incoming cyclone across nashik,cyclone,,
a severe cyclone approached the coastal region in parts of aurangabad,cyclone,,
a storm with thunder affected several locations across thane,thunderstorm,,
the cyclone remained under close weather monitoring near nagpur,cyclone,,
several areas experienced intense and continuous rainfall around pune,heavy_rainfall,,
according to weather observations temperatures stayed well above the seasonal average across nagpur,heatwave,,
hailstones were observed near multiple villages near mumbai,hailstorm,,
winds increased significantly during the evening in parts of aurangabad,strong_wind,,
strong gusts caused branches to fall on roads around nagpur,strong_wind,,
dangerously hot conditions were observed across the area near thane,heatwave,,
unusual atmospheric conditions were mentioned in the report near kolhapur,other,,
an unspecified weather event was recorded in parts of mumbai,other,,
according to weather observations hailstones accumulated on roads and open ground in thane,hailstorm,,
river water overflowed into nearby settlements near aurangabad,flood,,
lightning was observed over nearby villages around pune,lightning,,
dense morning fog covered several roads near satara,fog,,
several villages received light to moderate rain in parts of thane,rainfall,,
monitoring systems recorded numerous lightning events in satara,lightning,,
power infrastructure was affected by high winds in pune,strong_wind,,
a layer of fog persisted over the district in parts of nagpur,fog,,
intermittent rain affected the district near kolhapur,rainfall,,
foggy conditions affected early morning travel near aurangabad,fog,,
rain was observed at multiple locations in kolhapur,rainfall,,
strong winds disrupted outdoor operations in mumbai,strong_wind,,
foggy conditions affected early morning travel in parts of nashik,fog,,
emergency teams prepared for the incoming cyclone around kolhapur,cyclone,,
residents were moved from flooded low lying areas around kolhapur,flood,,
foggy conditions affected early morning travel in pune,fog,,
fields and roads were submerged by rising water in kolhapur,flood,,
a dense cloud of dust moved across the district near kolhapur,dust_storm,,
high temperatures continued for another day across nagpur,heatwave,,
frequent cloud to ground lightning was reported in parts of nashik,lightning,,
the weather report lacked enough detail for a specific category in aurangabad,other,,
thunderstorm cells moved across the city across pune,thunderstorm,,
according to weather observations intermittent rain affected the district across nagpur,rainfall,,
severe heat conditions affected several cities around nagpur,heatwave,,
severe heat conditions affected several cities in parts of pune,heatwave,,
the district received moderate rainfall across nashik,rainfall,,
thunderstorm cells moved across the city in parts of satara,thunderstorm,,
a weather related observation was received with insufficient context across nagpur,other,,
the report did not provide enough evidence to classify the event around satara,other,,
according to weather observations lightning was detected by monitoring stations around mumbai,lightning,,
according to weather observations a general weather disturbance was reported in the area in parts of aurangabad,other,,
morning fog limited visibility in several locations around satara,fog,,
according to weather observations an unidentified weather disturbance was observed around kolhapur,other,,
multiple lightning strikes occurred within a short period near nashik,lightning,,
the district received moderate rainfall across satara,rainfall,,
strong gusts carried dust across open areas across nagpur,dust_storm,,
according to weather observations the district reported widespread water inundation in aurangabad,flood,,
the district experienced repeated thunderstorm activity across nashik,thunderstorm,,
a thick fog layer formed across the valley near aurangabad,fog,,
according to weather observations a local atmospheric event was reported without classification details across kolhapur,other,,
airborne dust reduced visibility across highways in nashik,dust_storm,,
according to weather observations a prolonged period of dangerous heat was reported around nashik,heatwave,,
a general weather disturbance was reported in the area around kolhapur,other,,
farmers reported crop damage from hail in parts of aurangabad,hailstorm,,
the region experienced an intense thunderstorm in mumbai,thunderstorm,,
the report did not provide enough evidence to classify the event around aurangabad,other,,
the district reported poor visibility caused by fog in pune,fog,,
a tropical cyclone affected several coastal districts around mumbai,cyclone,,
lightning strikes were recorded at multiple locations in parts of mumbai,lightning,,
monitoring stations reported reduced visibility from fog in parts of nagpur,fog,,
several fields were damaged by falling hail in parts of thane,hailstorm,,
gale force winds were reported in the area in parts of nashik,strong_wind,,
dense fog reduced visibility near the city in satara,fog,,
temperatures stayed well above the seasonal average across nagpur,heatwave,,
satellite observations showed a well organized cyclone in parts of thane,cyclone,,
the city experienced unusually intense heat across nashik,heatwave,,
lightning was observed over nearby villages in parts of nagpur,lightning,,
the region experienced persistent extreme heat near nagpur,heatwave,,
rainfall totals were unusually high in the area in parts of kolhapur,heavy_rainfall,,
residents were moved from flooded low lying areas in parts of kolhapur,flood,,
repeated lightning strikes were reported overnight near aurangabad,lightning,,
according to weather observations severe storm activity was observed at multiple stations across thane,thunderstorm,,
according to weather observations torrential rain was reported during the evening in parts of satara,heavy_rainfall,,
a spell of heavy rain affected the district near aurangabad,heavy_rainfall,,
the area experienced periods of rain across satara,rainfall,,
according to weather observations blowing dust covered several parts of the city in nashik,dust_storm,,
a dust storm was reported during the afternoon in parts of pune,dust_storm,,
a severe heat event affected multiple districts in mumbai,heatwave,,
according to weather observations occasional showers were reported overnight in parts of nashik,rainfall,,
flooding disrupted traffic across the district around kolhapur,flood,,
hail was recorded during severe convective activity near kolhapur,hailstorm,,
local reports indicate that heavy showers continued across the region across mumbai,heavy_rainfall,,
dangerously hot conditions were observed across the area around nagpur,heatwave,,
frequent lightning was reported during the storm around satara,lightning,,
a spell of heavy rain affected the district near thane,heavy_rainfall,,
a spell of heavy rain affected the district near mumbai,heavy_rainfall,,
multiple stations recorded heavy precipitation across thane,heavy_rainfall,,
thunderstorm conditions persisted for nearly an hour near kolhapur,thunderstorm,,
high wind speeds affected several communities across aurangabad,strong_wind,,
the district experienced a strong spell of rainfall in nashik,heavy_rainfall,,
residents reported heavy dust in the air in nashik,dust_storm,,
the area experienced severe flooding after water levels increased near nashik,flood,,
weather stations recorded exceptionally high temperatures around mumbai,heatwave,,
thick fog covered the area during the morning around nagpur,fog,,
a thick dust plume was observed near the city around nagpur,dust_storm,,
local reports indicate that extremely high temperatures affected the district across nagpur,heatwave,,
according to weather observations thick mist and fog were observed before sunrise in kolhapur,fog,,
according to weather observations monitoring stations reported reduced visibility from fog in pune,fog,,
according to weather observations rainfall totals were unusually high in the area around nagpur,heavy_rainfall,,
heavy rain caused severe water accumulation on roads around pune,heavy_rainfall,,
according to weather observations an unidentified weather disturbance was observed across pune,other,,
a severe heat event affected multiple districts in parts of kolhapur,heatwave,,
according to weather observations the region recorded unusually high wind speeds around nagpur,strong_wind,,
rainfall intensity remained high throughout the night across aurangabad,heavy_rainfall,,
lightning was observed over nearby villages across pune,lightning,,
hot weather persisted for several consecutive days in parts of nagpur,heatwave,,
according to weather observations an unspecified weather event was recorded in parts of thane,other,,
local reports indicate that rain showers affected normal visibility briefly near aurangabad,rainfall,,
a powerful cyclone was observed over the sea in satara,cyclone,,
thunderstorm activity developed during the evening around satara,thunderstorm,,
the available information was insufficient for a precise classification in parts of mumbai,other,,
frequent lightning was reported during the storm near aurangabad,lightning,,
satellite observations showed a well organized cyclone in parts of satara,cyclone,,
local reports indicate that strong hailfall was reported across the region around pune,hailstorm,,
heavy precipitation persisted into the morning in parts of mumbai,heavy_rainfall,,
dusty winds disrupted visibility and travel around mumbai,dust_storm,,
weather stations recorded measurable rainfall in parts of mumbai,rainfall,,
lightning activity increased during the evening near satara,lightning,,
a moving dust front reached several villages near nagpur,dust_storm,,
local reports indicate that extremely high temperatures affected the district around mumbai,heatwave,,
a weather related observation was received with insufficient context in kolhapur,other,,
a local atmospheric event was reported without classification details across aurangabad,other,,
the region remained under severe heat conditions in parts of mumbai,heatwave,,
rain was recorded at nearby observation stations near nagpur,rainfall,,
flood conditions affected communities along the river around satara,flood,,
extremely high temperatures affected the district in mumbai,heatwave,,
the city experienced unusually intense heat in parts of satara,heatwave,,
according to weather observations dusty winds disrupted visibility and travel in parts of kolhapur,dust_storm,,
homes in low lying areas were inundated around thane,flood,,
dust storm conditions persisted for several hours across kolhapur,dust_storm,,
lightning was detected by monitoring stations near thane,lightning,,
frequent lightning was reported during the storm near satara,lightning,,
rainfall totals were unusually high in the area near kolhapur,heavy_rainfall,,
very strong winds were observed near the coast in parts of pune,strong_wind,,
residents reported unusually powerful winds near nashik,strong_wind,,
flooding blocked access to several roads near thane,flood,,
a localized thunderstorm affected nearby communities in parts of aurangabad,thunderstorm,,
a line of thunderstorms passed through the area across pune,thunderstorm,,
the district experienced repeated thunderstorm activity in parts of satara,thunderstorm,,
a hail event affected agricultural areas near satara,hailstorm,,
rain was observed at multiple locations around mumbai,rainfall,,
according to weather observations several villages were affected by flooding around nagpur,flood,,
extreme rainfall was observed at several stations in parts of nashik,heavy_rainfall,,
very strong winds were observed near the coast near nashik,strong_wind,,
several fields were damaged by falling hail across nagpur,hailstorm,,
heat conditions remained severe through the afternoon near thane,heatwave,,
dusty winds disrupted visibility and travel in parts of pune,dust_storm,,
several fields were damaged by falling hail in kolhapur,hailstorm,,
the region experienced an intense thunderstorm near mumbai,thunderstorm,,
the region experienced widespread lightning discharges in satara,lightning,,
several signs and branches were damaged by wind around aurangabad,strong_wind,,
dust storm conditions persisted for several hours across nagpur,dust_storm,,
the incident requires additional information for classification in thane,other,,
dangerously hot conditions were observed across the area in kolhapur,heatwave,,
flood water entered shops and residential areas across thane,flood,,
the district experienced a sustained heatwave around nashik,heatwave,,
a layer of fog persisted over the district around satara,fog,,
the report did not provide enough evidence to classify the event in mumbai,other,,
according to weather observations residents reported large pieces of hail across nagpur,hailstorm,,
the region experienced persistent extreme heat in satara,heatwave,,
strong winds lifted dust over several areas in parts of thane,dust_storm,,
the district experienced a strong spell of rainfall around kolhapur,heavy_rainfall,,
local reports indicate that a moving dust front reached several villages near kolhapur,dust_storm,,
a cyclone warning was issued for coastal areas in parts of satara,cyclone,,
dense morning fog covered several roads around satara,fog,,
persistent fog covered low lying areas near aurangabad,fog,,
the coastal region prepared for an approaching cyclone near satara,cyclone,,
a developing thunderstorm moved toward the city in thane,thunderstorm,,
strong electrical activity was observed in the clouds in parts of pune,lightning,,
according to weather observations the district experienced a strong spell of rainfall in kolhapur,heavy_rainfall,,
high wind speeds affected several communities in satara,strong_wind,,
thunderstorm cells moved across the city around pune,thunderstorm,,
according to weather observations several villages received light to moderate rain across nashik,rainfall,,
residents reported heavy dust in the air near kolhapur,dust_storm,,
rain was observed at multiple locations across aurangabad,rainfall,,
the cyclone moved closer to the coast in parts of kolhapur,cyclone,,
a weather related observation was received with insufficient context in nashik,other,,
local reports indicate that satellite observations showed a well organized cyclone near thane,cyclone,,
large hail was reported in the area across nagpur,hailstorm,,
dense fog remained until late morning in mumbai,fog,,
according to weather observations the district experienced damaging wind gusts in parts of thane,strong_wind,,
high wind speeds affected several communities in parts of kolhapur,strong_wind,,
the storm produced significant hail damage in mumbai,hailstorm,,
power infrastructure was affected by high winds in parts of mumbai,strong_wind,,
airborne dust reduced visibility across highways in parts of nashik,dust_storm,,
storm activity intensified over the region around mumbai,thunderstorm,,
moderate rain occurred in several areas in parts of nagpur,rainfall,,
a short but intense hailstorm affected the area around aurangabad,hailstorm,,
local reports indicate that a weather incident was reported without specific measurements near kolhapur,other,,
according to weather observations the river crossed its danger level and flooded nearby areas near mumbai,flood,,
wind speeds reached dangerous levels in the region in parts of nashik,strong_wind,,
strong gusts carried dust across open areas in satara,dust_storm,,
the available report did not clearly identify the weather event near pune,other,,
severe heat conditions affected several cities in satara,heatwave,,
ice pellets fell during the afternoon storm near nashik,hailstorm,,
a sudden dust storm swept across the region in nashik,dust_storm,,
the area experienced blowing dust during strong winds near thane,dust_storm,,
local reports indicate that the region received exceptionally high rainfall near nagpur,heavy_rainfall,,
severe convective storms were observed near the district near nashik,thunderstorm,,
the report contained limited information about the observed conditions across nashik,other,,
according to weather observations farmers reported crop damage from hail across thane,hailstorm,,
morning fog limited visibility in several locations in parts of aurangabad,fog,,
high wind speeds affected several communities in parts of pune,strong_wind,,
hailstones were observed near multiple villages in thane,hailstorm,,
a severe thunderstorm affected the district across nagpur,thunderstorm,,
thunder was heard as a storm crossed the area in parts of nashik,thunderstorm,,
according to weather observations a local weather anomaly was reported without further details in pune,other,,
strong winds accompanied the approaching cyclone across aurangabad,cyclone,,
the cyclone produced hazardous conditions near the coast near satara,cyclone,,
according to weather observations weather conditions were reported with incomplete information around nashik,other,,
according to weather observations a dust storm was reported during the afternoon in aurangabad,dust_storm,,
several parts of the region experienced rain around satara,rainfall,,
a thick fog layer formed across the valley across aurangabad,fog,,
residents reported heavy dust in the air in parts of kolhapur,dust_storm,,
strong gusts carried dust across open areas near nashik,dust_storm,,
strong thunderstorms were reported across the region around pune,thunderstorm,,
storm activity intensified over the region in nagpur,thunderstorm,,
a general weather event was reported without a specific hazard in parts of kolhapur,other,,
dusty winds disrupted visibility and travel in parts of aurangabad,dust_storm,,
the area experienced sustained strong winds in nashik,strong_wind,,
a severe thunderstorm affected the district near satara,thunderstorm,,
a cyclonic storm moved northward over the sea in parts of kolhapur,cyclone,,
electrical storm activity was detected across the region in parts of satara,lightning,,
repeated lightning strikes were reported overnight across pune,lightning,,
fields and roads were submerged by rising water around aurangabad,flood,,
a sudden dust storm swept across the region in parts of kolhapur,dust_storm,,
heavy hail damaged agricultural fields across aurangabad,hailstorm,,
foggy weather affected road traffic across satara,fog,,
local reports indicate that scattered rainfall was recorded in the region near mumbai,rainfall,,
thunderstorm conditions persisted for nearly an hour in parts of aurangabad,thunderstorm,,
strong winds disrupted outdoor operations in parts of thane,strong_wind,,
severe heat conditions affected several cities around aurangabad,heatwave,,
steady rain continued for several hours in thane,rainfall,,
a cyclone caused severe weather along the coast near thane,cyclone,,
strong gusts carried dust across open areas in parts of pune,dust_storm,,
frequent cloud to ground lightning was reported in aurangabad,lightning,,
daytime temperatures crossed extreme levels in parts of thane,heatwave,,
according to weather observations the region experienced widespread lightning discharges across thane,lightning,,
strong gusts caused branches to fall on roads in parts of aurangabad,strong_wind,,
a dense cloud of dust moved across the district in parts of satara,dust_storm,,
according to weather observations a hailstorm damaged crops in several villages around nashik,hailstorm,,
rain was recorded at nearby observation stations across thane,rainfall,,
a thick fog layer formed across the valley across pune,fog,,
emergency teams prepared for the incoming cyclone in aurangabad,cyclone,,
high wind speeds affected several communities near mumbai,strong_wind,,
fog affected transportation across the region around thane,fog,,
dusty winds disrupted visibility and travel in kolhapur,dust_storm,,
according to weather observations overflowing water isolated several villages in parts of kolhapur,flood,,
a prolonged hot spell affected local communities around pune,heatwave,,
the district received moderate rainfall in parts of pune,rainfall,,
according to weather observations the area experienced severe flooding after water levels increased around kolhapur,flood,,
visibility dropped sharply because of dense fog around thane,fog,,
residents reported unusually powerful winds across satara,strong_wind,,
homes in low lying areas were inundated across nashik,flood,,
heat conditions remained severe through the afternoon around pune,heatwave,,
according to weather observations severe heat conditions affected several cities near pune,heatwave,,
the storm produced significant hail damage in parts of satara,hailstorm,,
the region experienced persistent extreme heat in kolhapur,heatwave,,
persistent heavy rain affected multiple parts of the city near satara,heavy_rainfall,,
multiple homes were surrounded by flood water near mumbai,flood,,
multiple homes were surrounded by flood water around nashik,flood,,
several trees were damaged by strong winds in nagpur,strong_wind,,
the region experienced persistent extreme heat around pune,heatwave,,
temperatures remained unusually high across the region near mumbai,heatwave,,
storm activity intensified over the region in parts of nagpur,thunderstorm,,
a storm with thunder affected several locations across nashik,thunderstorm,,
local reports indicate that the cyclone moved closer to the coast in parts of aurangabad,cyclone,,
rainfall activity increased during the evening around kolhapur,rainfall,,
river water overflowed into nearby settlements in aurangabad,flood,,
a prolonged hot spell affected local communities across kolhapur,heatwave,,
local reports indicate that very strong winds were observed near the coast in parts of thane,strong_wind,,
the district reported widespread water inundation near nashik,flood,,
hot weather persisted for several consecutive days across nagpur,heatwave,,
fog affected transportation across the region in satara,fog,,
the cyclone remained under close weather monitoring in aurangabad,cyclone,,
the region experienced widespread lightning discharges near pune,lightning,,
a weather incident was reported without specific measurements near pune,other,,
according to weather observations severe heat conditions affected several cities around satara,heatwave,,
according to weather observations strong electrical activity was observed in the clouds near nagpur,lightning,,
according to weather observations a prolonged period of dangerous heat was reported near nagpur,heatwave,,
hail was recorded during severe convective activity around kolhapur,hailstorm,,
the incident requires additional information for classification around aurangabad,other,,
according to weather observations airborne dust reduced visibility across highways in satara,dust_storm,,
according to weather observations weather conditions were reported with incomplete information in satara,other,,
temperatures stayed well above the seasonal average around thane,heatwave,,
a sudden hailstorm damaged crops and vehicles across kolhapur,hailstorm,,
a severe thunderstorm affected the district around aurangabad,thunderstorm,,
the district experienced intense lightning activity in kolhapur,lightning,,
a localized thunderstorm affected nearby communities around kolhapur,thunderstorm,,
unusual atmospheric conditions were mentioned in the report in satara,other,,
according to weather observations blowing dust covered several parts of the city in satara,dust_storm,,
the district reported widespread water inundation in thane,flood,,
moderate rainfall was observed near the city in parts of pune,rainfall,,
the incident requires additional information for classification across nashik,other,,
extreme daytime heat was reported across the district across thane,heatwave,,
according to weather observations lightning activity increased during the evening across kolhapur,lightning,,
a layer of fog persisted over the district in nashik,fog,,
an unusual condition was noted by observers in mumbai,other,,
according to weather observations a general weather disturbance was reported in the area across pune,other,,
rain showers affected normal visibility briefly in parts of kolhapur,rainfall,,
thunderstorm cells moved across the city across aurangabad,thunderstorm,,
heavy showers continued across the region around satara,heavy_rainfall,,
several parts of the region experienced rain in aurangabad,rainfall,,
strong electrical activity was observed in the clouds near thane,lightning,,
local reports indicate that the district experienced damaging wind gusts around aurangabad,strong_wind,,
thunderstorm conditions persisted for nearly an hour in parts of nagpur,thunderstorm,,
residents reported repeated lightning strikes in satara,lightning,,
overflowing water isolated several villages near thane,flood,,
according to weather observations steady rain continued for several hours near mumbai,rainfall,,
the district received moderate rainfall near thane,rainfall,,
flooding disrupted traffic across the district around nagpur,flood,,
according to weather observations several neighborhoods remained under flood water in nashik,flood,,
residents reported heavy dust in the air around nashik,dust_storm,,
local reports indicate that temperatures stayed well above the seasonal average around thane,heatwave,,
a prolonged period of dangerous heat was reported near aurangabad,heatwave,,
the cyclone moved closer to the coast around aurangabad,cyclone,,
the region remained under severe heat conditions across thane,heatwave,,
an unusual condition was noted by observers around aurangabad,other,,
hailfall affected several parts of the district near thane,hailstorm,,
several trees were damaged by strong winds around thane,strong_wind,,
high wind speeds affected several communities across satara,strong_wind,,
the region was affected by a strong dust storm around pune,dust_storm,,
an unidentified weather disturbance was observed around mumbai,other,,
local reports indicate that hailstones accumulated on roads and open ground across thane,hailstorm,,
according to weather observations a weather related incident was reported without sufficient details in thane,other,,
the report contained limited information about the observed conditions near pune,other,,
heavy showers continued across the region in parts of satara,heavy_rainfall,,
the river crossed its danger level and flooded nearby areas around pune,flood,,
hailstones covered roads after the storm near nashik,hailstorm,,
persistent fog covered low lying areas across thane,fog,,
local reports indicate that strong thunderstorms were reported across the region around thane,thunderstorm,,
a tropical cyclone affected several coastal districts in parts of satara,cyclone,,
strong winds damaged trees across the district in parts of pune,strong_wind,,
monitoring stations reported reduced visibility from fog around mumbai,fog,,
a prolonged hot spell affected local communities in parts of satara,heatwave,,
foggy conditions affected early morning travel in parts of nagpur,fog,,
moderate rain occurred in several areas in satara,rainfall,,
the district reported poor visibility caused by fog across thane,fog,,
the report did not provide enough evidence to classify the event near aurangabad,other,,
the region experienced an intense thunderstorm around mumbai,thunderstorm,,
the event description did not identify a specific weather hazard across nashik,other,,
moderate rainfall was observed near the city across aurangabad,rainfall,,
hail was recorded during severe convective activity across thane,hailstorm,,
high temperatures continued for another day near nagpur,heatwave,,
several trees were damaged by strong winds in nashik,strong_wind,,
wind conditions became severe during the storm around thane,strong_wind,,
according to weather observations temperatures remained unusually high across the region around nashik,heatwave,,
according to weather observations the region experienced scattered showers around satara,rainfall,,
an unidentified weather disturbance was observed across nashik,other,,
several areas reported visible lightning flashes in thane,lightning,,
local reports indicate that river water overflowed into nearby settlements in nagpur,flood,,
dust storm conditions persisted for several hours in kolhapur,dust_storm,,
several lightning flashes were seen near the city in parts of mumbai,lightning,,
dangerously hot conditions were observed across the area in parts of nagpur,heatwave,,
a thick fog layer formed across the valley in parts of mumbai,fog,,
homes in low lying areas were inundated in parts of thane,flood,,
severe storm activity was observed at multiple stations in nashik,thunderstorm,,
intermittent rain affected the district across nashik,rainfall,,
multiple lightning strikes occurred within a short period across kolhapur,lightning,,
dense fog was observed at multiple stations around nashik,fog,,
farmers reported crop damage from hail around nagpur,hailstorm,,
according to weather observations heavy precipitation persisted into the morning around thane,heavy_rainfall,,
intense precipitation affected transportation across the city in parts of nagpur,heavy_rainfall,,
heavy fog was reported around the airport near nagpur,fog,,
thick mist and fog were observed before sunrise in parts of mumbai,fog,,
a localized thunderstorm affected nearby communities across nagpur,thunderstorm,,
rain was recorded at nearby observation stations in kolhapur,rainfall,,
according to weather observations foggy weather affected road traffic across aurangabad,fog,,
according to weather observations a strong storm system affected several villages near aurangabad,thunderstorm,,
the district experienced intense lightning activity across pune,lightning,,
winds increased significantly during the evening in kolhapur,strong_wind,,
according to weather observations the area experienced periods of rain around nagpur,rainfall,,
hailstones covered roads after the storm around kolhapur,hailstorm,,
heat conditions remained severe through the afternoon across aurangabad,heatwave,,
large amounts of rain fell across the region across nagpur,heavy_rainfall,,
local reports indicate that flooding blocked access to several roads in parts of mumbai,flood,,
according to weather observations foggy conditions affected early morning travel in parts of nagpur,fog,,
frequent cloud to ground lightning was reported across nagpur,lightning,,
ice pellets fell during the afternoon storm in parts of kolhapur,hailstorm,,
continuous rain produced substantial surface runoff in parts of aurangabad,heavy_rainfall,,
residents reported light rainfall in the area across thane,rainfall,,
hailstones fell across the district during the storm in parts of kolhapur,hailstorm,,
large hail was reported in the area across pune,hailstorm,,
the district experienced a sustained heatwave near kolhapur,heatwave,,
storm activity intensified over the region in parts of satara,thunderstorm,,
according to weather observations lightning activity continued throughout the storm across kolhapur,lightning,,
strong electrical activity was observed in the clouds near satara,lightning,,
the available information was insufficient for a precise classification in parts of pune,other,,
according to weather observations rain was observed at multiple locations in parts of aurangabad,rainfall,,
a hailstorm damaged crops in several villages in parts of pune,hailstorm,,
local reports indicate that strong gusts caused branches to fall on roads across mumbai,strong_wind,,
the district experienced intense lightning activity in nagpur,lightning,,
local reports indicate that the storm produced significant hail damage across kolhapur,hailstorm,,
according to weather observations strong winds accompanied the approaching cyclone in parts of satara,cyclone,,
rain showers affected normal visibility briefly across satara,rainfall,,
according to weather observations a general weather disturbance was reported in the area around nagpur,other,,
according to weather observations the event description did not identify a specific weather hazard near satara,other,,
high temperatures continued for another day in parts of pune,heatwave,,
gale force winds were reported in the area in parts of aurangabad,strong_wind,,
local reports indicate that the report described unusual conditions but lacked a clear event type in parts of mumbai,other,,
a dust storm reduced visibility across the district near kolhapur,dust_storm,,
local reports indicate that a large dust cloud moved through the region near aurangabad,dust_storm,,
according to weather observations a sudden hailstorm damaged crops and vehicles in kolhapur,hailstorm,,
a storm with thunder affected several locations in parts of aurangabad,thunderstorm,,
cyclonic winds affected coastal districts in parts of satara,cyclone,,
a number of lightning discharges occurred in the region in nagpur,lightning,,
a cyclonic storm moved northward over the sea around thane,cyclone,,
a spell of heavy rain affected the district around nagpur,heavy_rainfall,,
the cyclone was expected to affect coastal communities near pune,cyclone,,
a weather incident was reported without specific measurements in parts of thane,other,,
according to weather observations a moving dust front reached several villages in aurangabad,dust_storm,,
according to weather observations heavy rain caused severe water accumulation on roads across nagpur,heavy_rainfall,,
strong winds damaged trees across the district in parts of aurangabad,strong_wind,,
high wind speeds affected several communities around mumbai,strong_wind,,
local reports indicate that a prolonged period of heavy rain was reported across aurangabad,heavy_rainfall,,
weather conditions were reported with incomplete information in parts of mumbai,other,,
lightning was detected by monitoring stations in aurangabad,lightning,,
according to weather observations strong winds accompanied the approaching cyclone in satara,cyclone,,
continuous rain produced substantial surface runoff in kolhapur,heavy_rainfall,,
local reports indicate that foggy conditions affected early morning travel near thane,fog,,
according to weather observations the event description did not identify a specific weather hazard across aurangabad,other,,
a weather related observation was received with insufficient context near satara,other,,
persistent fog covered low lying areas in kolhapur,fog,,
several lightning flashes were seen near the city in parts of pune,lightning,,
according to weather observations morning fog limited visibility in several locations across aurangabad,fog,,
according to weather observations thunderstorm activity developed during the evening in pune,thunderstorm,,
several areas reported visible lightning flashes around kolhapur,lightning,,
heavy precipitation persisted into the morning in nagpur,heavy_rainfall,,
fields and roads were submerged by rising water near thane,flood,,
lightning activity increased during the evening near pune,lightning,,
a line of thunderstorms passed through the area across satara,thunderstorm,,
according to weather observations monitoring systems recorded numerous lightning events across mumbai,lightning,,
the incident requires additional information for classification near nagpur,other,,
a dust storm was reported during the afternoon near aurangabad,dust_storm,,
local reports indicate that satellite observations showed a well organized cyclone around kolhapur,cyclone,,
a short but intense hailstorm affected the area across nashik,hailstorm,,
thunderstorms disrupted outdoor activities in the district in parts of nagpur,thunderstorm,,
several areas experienced dense fog conditions near satara,fog,,
a line of thunderstorms passed through the area in nashik,thunderstorm,,
monitoring stations reported reduced visibility from fog in pune,fog,,
a sudden dust storm swept across the region around mumbai,dust_storm,,
unusual atmospheric conditions were mentioned in the report in parts of pune,other,,
according to weather observations the district experienced intense lightning activity across satara,lightning,,
residents reported large pieces of hail in nashik,hailstorm,,
electrical storm activity was detected across the region across nashik,lightning,,
persistent fog covered low lying areas in parts of aurangabad,fog,,
according to weather observations strong gusts caused branches to fall on roads near nagpur,strong_wind,,
hailstones covered roads after the storm in aurangabad,hailstorm,,
several signs and branches were damaged by wind in kolhapur,strong_wind,,
moderate rainfall was observed near the city near kolhapur,rainfall,,
frequent cloud to ground lightning was reported in satara,lightning,,
farmers reported crop damage from hail near nashik,hailstorm,,
persistent fog covered low lying areas across satara,fog,,
monitoring systems recorded numerous lightning events near pune,lightning,,
intense precipitation affected transportation across the city near nashik,heavy_rainfall,,
frequent lightning was reported during the storm near thane,lightning,,
fog affected transportation across the region in nashik,fog,,
storm activity intensified over the region around pune,thunderstorm,,
storm clouds and thunder were reported by residents in parts of kolhapur,thunderstorm,,
strong winds lifted dust over several areas near nagpur,dust_storm,,
according to weather observations lightning strikes were recorded at multiple locations in parts of kolhapur,lightning,,
the district experienced a sustained heatwave across mumbai,heatwave,,
authorities monitored a developing tropical cyclone in parts of satara,cyclone,,
according to weather observations the area experienced periods of rain around pune,rainfall,,
the region experienced scattered showers near satara,rainfall,,
a short but intense hailstorm affected the area near mumbai,hailstorm,,
very strong winds were observed near the coast across aurangabad,strong_wind,,
a powerful cyclone was observed over the sea near thane,cyclone,,
authorities monitored a developing tropical cyclone around kolhapur,cyclone,,
according to weather observations a cyclonic storm moved northward over the sea across thane,cyclone,,
rain showers were observed during the afternoon in parts of mumbai,rainfall,,
a developing thunderstorm moved toward the city around satara,thunderstorm,,
local reports indicate that temperatures remained unusually high across the region in aurangabad,heatwave,,
a general weather event was reported without a specific hazard near pune,other,,
local reports indicate that thunderstorm conditions persisted for nearly an hour in thane,thunderstorm,,
airborne dust reduced visibility across highways around satara,dust_storm,,
rainfall activity increased during the evening in pune,rainfall,,
the area experienced sustained strong winds across thane,strong_wind,,
according to weather observations a weather incident was reported without specific measurements across mumbai,other,,
several signs and branches were damaged by wind around thane,strong_wind,,
the region remained under severe heat conditions in satara,heatwave,,
the region experienced an intense thunderstorm near thane,thunderstorm,,
fields and roads were submerged by rising water near pune,flood,,
local reports indicate that strong gusts caused branches to fall on roads in parts of nashik,strong_wind,,
blowing dust covered several parts of the city around satara,dust_storm,,
rainfall was reported from multiple locations in parts of kolhapur,rainfall,,
a strong storm system affected several villages in parts of thane,thunderstorm,,
a prolonged period of heavy rain was reported across pune,heavy_rainfall,,
local reports indicate that hailstones accumulated on roads and open ground around nashik,hailstorm,,
a dense cloud of dust moved across the district in parts of mumbai,dust_storm,,
local reports indicate that extremely high temperatures affected the district in nashik,heatwave,,
a local weather anomaly was reported without further details near thane,other,,
weather stations recorded measurable rainfall in aurangabad,rainfall,,
lightning was detected by monitoring stations around aurangabad,lightning,,
residents reported light rainfall in the area around aurangabad,rainfall,,
according to weather observations several signs and branches were damaged by wind near thane,strong_wind,,
a hailstorm damaged crops in several villages around mumbai,hailstorm,,
several stations recorded record high temperatures in thane,heatwave,,
cyclonic winds affected coastal districts in parts of nagpur,cyclone,,
according to weather observations a widespread dust event affected the district around mumbai,dust_storm,,
thunderstorm conditions persisted for nearly an hour in thane,thunderstorm,,
the district reported widespread water inundation around satara,flood,,
a dust storm was reported during the afternoon across nashik,dust_storm,,
several villages were affected by flooding around thane,flood,,
rain was observed at multiple locations in parts of satara,rainfall,,
weather stations recorded exceptionally high temperatures in parts of nagpur,heatwave,,
heavy rain caused severe water accumulation on roads in parts of satara,heavy_rainfall,,
strong electrical activity was observed in the clouds in nagpur,lightning,,
the event description did not identify a specific weather hazard in thane,other,,
several fields were damaged by falling hail across satara,hailstorm,,
an unusual condition was noted by observers in parts of thane,other,,
according to weather observations weather stations recorded exceptionally high temperatures in parts of kolhapur,heatwave,,
power lines were affected by powerful wind gusts around aurangabad,strong_wind,,
local reports indicate that river overflow caused inundation in nearby communities near pune,flood,,
several parts of the region experienced rain near aurangabad,rainfall,,
according to weather observations rainfall totals were unusually high in the area across pune,heavy_rainfall,,
monitoring systems recorded numerous lightning events across nagpur,lightning,,
according to weather observations the district experienced damaging wind gusts near mumbai,strong_wind,,
water covered roads and entered local houses near nashik,flood,,
gale force winds were reported in the area near aurangabad,strong_wind,,
power lines were affected by powerful wind gusts in satara,strong_wind,,
thick fog covered the area during the morning in parts of nashik,fog,,
dense morning fog covered several roads across thane,fog,,
flooding blocked access to several roads in kolhapur,flood,,
several stations recorded record high temperatures near kolhapur,heatwave,,
local reports indicate that continuous rain produced substantial surface runoff in nashik,heavy_rainfall,,
water inundation was reported in multiple streets in aurangabad,flood,,
according to weather observations a weather related incident was reported without sufficient details around aurangabad,other,,
strong winds disrupted outdoor operations in parts of nashik,strong_wind,,
a cyclone caused severe weather along the coast near mumbai,cyclone,,
dust filled winds affected nearby communities in kolhapur,dust_storm,,
a severe thunderstorm affected the district across satara,thunderstorm,,
the report did not provide enough evidence to classify the event around nashik,other,,
lightning was detected by monitoring stations across nashik,lightning,,
hot weather persisted for several consecutive days in parts of pune,heatwave,,
severe wind conditions disrupted local transport around thane,strong_wind,,
thunder was heard as a storm crossed the area around pune,thunderstorm,,
a cyclone caused severe weather along the coast around pune,cyclone,,
the district received moderate rainfall in nagpur,rainfall,,
according to weather observations the cyclone was expected to affect coastal communities across kolhapur,cyclone,,
ice pellets fell during the afternoon storm near pune,hailstorm,,
large amounts of rain fell across the region around thane,heavy_rainfall,,
airborne dust reduced visibility across highways around aurangabad,dust_storm,,
a strong storm system affected several villages across aurangabad,thunderstorm,,
a short but intense hailstorm affected the area across kolhapur,hailstorm,,
fields and roads were submerged by rising water in parts of nagpur,flood,,
the district experienced a sustained heatwave near nashik,heatwave,,
local reports indicate that heavy precipitation persisted into the morning across thane,heavy_rainfall,,
intense rain continued for several hours around aurangabad,heavy_rainfall,,
weather stations recorded measurable rainfall in parts of kolhapur,rainfall,,
a hailstorm damaged crops in several villages in nagpur,hailstorm,,
the event description did not identify a specific weather hazard in satara,other,,
rain was recorded at nearby observation stations in thane,rainfall,,
dusty winds disrupted visibility and travel in thane,dust_storm,,
airborne dust reduced visibility across highways around nashik,dust_storm,,
very strong winds were observed near the coast across nagpur,strong_wind,,
dense morning fog covered several roads in parts of thane,fog,,
local reports indicate that farmers reported crop damage from hail around nashik,hailstorm,,
according to weather observations the cyclone was expected to affect coastal communities near kolhapur,cyclone,,
daytime temperatures crossed extreme levels in parts of pune,heatwave,,
according to weather observations the district experienced repeated thunderstorm activity near nagpur,thunderstorm,,
hot weather persisted for several consecutive days in kolhapur,heatwave,,
the area experienced sustained strong winds in pune,strong_wind,,
intense precipitation affected transportation across the city around mumbai,heavy_rainfall,,
according to weather observations hailfall affected several parts of the district in parts of satara,hailstorm,,
ice pellets fell during the afternoon storm in parts of nashik,hailstorm,,
dense fog remained until late morning in parts of pune,fog,,
a weather related incident was reported without sufficient details near mumbai,other,,
frequent cloud to ground lightning was reported in parts of nagpur,lightning,,
several trees were damaged by strong winds across nagpur,strong_wind,,
an intense heat spell affected the area across nashik,heatwave,,
the report contained limited information about the observed conditions across mumbai,other,,
local reports indicate that a local atmospheric event was reported without classification details across nagpur,other,,
residents were moved from flooded low lying areas across thane,flood,,
according to weather observations power lines were affected by powerful wind gusts around kolhapur,strong_wind,,
the incident requires additional information for classification around kolhapur,other,,
torrential rain was reported during the evening in thane,heavy_rainfall,,
torrential rain was reported during the evening in mumbai,heavy_rainfall,,
local reports indicate that hailstones covered roads after the storm in nashik,hailstorm,,
the incident requires additional information for classification in nashik,other,,
a widespread dust event affected the district in parts of nagpur,dust_storm,,
the district experienced a sustained heatwave in parts of nashik,heatwave,,
farmers reported crop damage from hail in parts of pune,hailstorm,,
a layer of fog persisted over the district in mumbai,fog,,
a dust storm was reported during the afternoon in nagpur,dust_storm,,
according to weather observations a number of lightning discharges occurred in the region in parts of nashik,lightning,,
weather stations detected strong convective storm activity across aurangabad,thunderstorm,,
hailstones fell across the district during the storm near aurangabad,hailstorm,,
the district experienced a strong spell of rainfall in kolhapur,heavy_rainfall,,
a cyclonic storm moved northward over the sea in nashik,cyclone,,
dense morning fog covered several roads in parts of aurangabad,fog,,
the city received intense rainfall over a short period around aurangabad,heavy_rainfall,,
according to weather observations a dust storm reduced visibility across the district around kolhapur,dust_storm,,
strong gusts carried dust across open areas in thane,dust_storm,,
hailstones covered roads after the storm near mumbai,hailstorm,,
the region experienced scattered showers in parts of pune,rainfall,,
the region experienced widespread lightning discharges in pune,lightning,,
several parts of the region experienced rain in parts of aurangabad,rainfall,,
blowing dust covered several parts of the city near mumbai,dust_storm,,
the district experienced a strong spell of rainfall in parts of thane,heavy_rainfall,,
the tropical system strengthened near the coastline in mumbai,cyclone,,
according to weather observations storm activity intensified over the region in satara,thunderstorm,,
strong electrical activity was observed in the clouds in parts of mumbai,lightning,,
a cyclonic system formed over the arabian sea across mumbai,cyclone,,
a spell of heavy rain affected the district in parts of nagpur,heavy_rainfall,,
storm activity intensified over the region across thane,thunderstorm,,
the available report did not clearly identify the weather event across kolhapur,other,,
rainfall was reported from multiple locations near nagpur,rainfall,,
airborne dust reduced visibility across highways in satara,dust_storm,,
torrential rain was reported during the evening across pune,heavy_rainfall,,
local reports indicate that flooding disrupted traffic across the district in satara,flood,,
the tropical system strengthened near the coastline in aurangabad,cyclone,,
local reports indicate that heavy hail damaged agricultural fields across mumbai,hailstorm,,
several villages were affected by flooding across kolhapur,flood,,
the area experienced periods of rain in aurangabad,rainfall,,
weather stations recorded measurable rainfall near nagpur,rainfall,,
according to weather observations flooding blocked access to several roads near nashik,flood,,
heavy rain caused severe water accumulation on roads near kolhapur,heavy_rainfall,,
strong thunderstorms were reported across the region in parts of satara,thunderstorm,,
the available report did not clearly identify the weather event in aurangabad,other,,
a cyclone warning was issued for coastal areas in parts of mumbai,cyclone,,
dense fog reduced visibility near the city in parts of thane,fog,,
according to weather observations a spell of heavy rain affected the district in parts of nagpur,heavy_rainfall,,
according to weather observations hail was recorded during severe convective activity around satara,hailstorm,,
local reports indicate that several areas experienced dense fog conditions around thane,fog,,
strong hailfall was reported across the region around nashik,hailstorm,,
dense morning fog covered several roads in mumbai,fog,,
the region experienced a severe hailstorm across nashik,hailstorm,,
the cyclone remained under close weather monitoring near nashik,cyclone,,
local reports indicate that storm clouds and thunder were reported by residents in nagpur,thunderstorm,,
thunderstorms disrupted outdoor activities in the district in parts of satara,thunderstorm,,
the area experienced periods of rain in nashik,rainfall,,
according to weather observations dense fog remained until late morning near thane,fog,,
flooding disrupted traffic across the district across satara,flood,,
according to weather observations several lightning flashes were seen near the city across kolhapur,lightning,,
according to weather observations several villages were affected by flooding near kolhapur,flood,,
a moving dust front reached several villages in mumbai,dust_storm,,
the region experienced a severe hailstorm around thane,hailstorm,,
according to weather observations hailfall affected several parts of the district across aurangabad,hailstorm,,
water covered roads and entered local houses around satara,flood,,
light rain was reported across the city across nagpur,rainfall,,
a weather related incident was reported without sufficient details in parts of kolhapur,other,,
a dust storm was reported during the afternoon near thane,dust_storm,,
river overflow caused inundation in nearby communities across nashik,flood,,
dense fog remained until late morning around pune,fog,,
scattered rainfall was recorded in the region across aurangabad,rainfall,,
an intense heat spell affected the area around mumbai,heatwave,,
monitoring systems recorded numerous lightning events in mumbai,lightning,,
several neighborhoods remained under flood water across aurangabad,flood,,
heavy showers continued across the region in parts of thane,heavy_rainfall,,
frequent cloud to ground lightning was reported in parts of aurangabad,lightning,,
residents were moved from flooded low lying areas around nagpur,flood,,
local reports indicate that heavy precipitation persisted into the morning across nagpur,heavy_rainfall,,
frequent lightning was reported during the storm in nashik,lightning,,
strong winds disrupted outdoor operations in parts of mumbai,strong_wind,,
a prolonged hot spell affected local communities around satara,heatwave,,
farmers reported crop damage from hail in pune,hailstorm,,
heavy hail damaged agricultural fields in mumbai,hailstorm,,
the incident requires additional information for classification in parts of satara,other,,
large hail was reported in the area across mumbai,hailstorm,,
farmers reported crop damage from hail in parts of nagpur,hailstorm,,
thunderstorm activity increased during the afternoon near thane,thunderstorm,,
visibility remained poor due to fog in mumbai,fog,,
the cyclone produced hazardous conditions near the coast across thane,cyclone,,
hailstones accumulated on roads and open ground in parts of thane,hailstorm,,
persistent fog covered low lying areas around aurangabad,fog,,
a moving dust front reached several villages around nagpur,dust_storm,,
a general weather event was reported without a specific hazard around nashik,other,,
the city received intense rainfall over a short period around nagpur,heavy_rainfall,,
according to weather observations a severe thunderstorm affected the district in parts of pune,thunderstorm,,
a severe cyclone approached the coastal region across aurangabad,cyclone,,
according to weather observations the cyclone was expected to affect coastal communities in parts of kolhapur,cyclone,,
a local atmospheric event was reported without classification details in thane,other,,
local reports indicate that winds increased significantly during the evening in mumbai,strong_wind,,
farmers reported crop damage from hail across kolhapur,hailstorm,,
according to weather observations the region received exceptionally high rainfall in parts of nagpur,heavy_rainfall,,
dense fog was observed at multiple stations across pune,fog,,
wind conditions became severe during the storm in aurangabad,strong_wind,,
visibility remained poor due to fog in parts of aurangabad,fog,,
according to weather observations extremely high temperatures affected the district across thane,heatwave,,
according to weather observations thunderstorm conditions persisted for nearly an hour in satara,thunderstorm,,
the region was affected by a strong dust storm in parts of pune,dust_storm,,
flood conditions affected communities along the river across thane,flood,,
heavy showers continued across the region near satara,heavy_rainfall,,
dust storm conditions persisted for several hours near aurangabad,dust_storm,,
homes in low lying areas were inundated in parts of nashik,flood,,
an unusual condition was noted by observers across nashik,other,,
persistent fog covered low lying areas across aurangabad,fog,,
the cyclone was expected to affect coastal communities around nashik,cyclone,,
roads were submerged after water levels rose across aurangabad,flood,,
the region experienced a severe hailstorm around aurangabad,hailstorm,,
local reports indicate that thick fog covered the area during the morning across satara,fog,,
strong gusts damaged temporary structures in parts of satara,strong_wind,,
local reports indicate that continuous rain produced substantial surface runoff near pune,heavy_rainfall,,
a cyclone caused severe weather along the coast in parts of thane,cyclone,,
the region experienced persistent extreme heat in parts of aurangabad,heatwave,,
occasional showers were reported overnight in parts of nagpur,rainfall,,
the area experienced sustained strong winds in parts of aurangabad,strong_wind,,
rain showers were observed during the afternoon around satara,rainfall,,
foggy weather affected road traffic in thane,fog,,
a general weather event was reported without a specific hazard around kolhapur,other,,
local reports indicate that intermittent rain affected the district in parts of pune,rainfall,,
the region experienced persistent extreme heat around aurangabad,heatwave,,
the report did not provide enough evidence to classify the event near pune,other,,
according to weather observations rain was observed at multiple locations in nagpur,rainfall,,
according to weather observations flooding disrupted traffic across the district in parts of pune,flood,,
local reports indicate that thunderstorm cells moved across the city across satara,thunderstorm,,
local reports indicate that strong winds disrupted outdoor operations across satara,strong_wind,,
local reports indicate that morning fog limited visibility in several locations across aurangabad,fog,,
local reports indicate that several parts of the region experienced rain around nashik,rainfall,,
severe heat conditions affected several cities in thane,heatwave,,
according to weather observations hailstones were observed near multiple villages in parts of mumbai,hailstorm,,
hailstones fell across the district during the storm in parts of nashik,hailstorm,,
large hailstones struck rooftops and crops in thane,hailstorm,,
according to weather observations several signs and branches were damaged by wind in kolhapur,strong_wind,,
the district reported widespread water inundation in parts of satara,flood,,
visibility deteriorated because of airborne dust around kolhapur,dust_storm,,
a tropical cyclone affected several coastal districts in mumbai,cyclone,,
the available information was insufficient for a precise classification across aurangabad,other,,
a storm with thunder affected several locations around aurangabad,thunderstorm,,
the cyclone remained under close weather monitoring near thane,cyclone,,
the storm system intensified into a cyclone in nashik,cyclone,,
unusual atmospheric conditions were mentioned in the report in mumbai,other,,
very strong winds were observed near the coast near satara,strong_wind,,
gale force winds were reported in the area around kolhapur,strong_wind,,
the region received exceptionally high rainfall near thane,heavy_rainfall,,
a severe thunderstorm affected the district near mumbai,thunderstorm,,
local reports indicate that strong hailfall was reported across the region in kolhapur,hailstorm,,
a thick dust plume was observed near the city in parts of nashik,dust_storm,,
the region experienced widespread lightning discharges near kolhapur,lightning,,
strong electrical activity was observed in the clouds across nashik,lightning,,
repeated lightning strikes were reported overnight near mumbai,lightning,,
monitoring stations reported reduced visibility from fog near aurangabad,fog,,
the storm produced significant hail damage near mumbai,hailstorm,,
an unspecified weather event was recorded around pune,other,,
a developing thunderstorm moved toward the city around mumbai,thunderstorm,,
according to weather observations persistent heavy rain affected multiple parts of the city in nashik,heavy_rainfall,,
the cyclone was expected to affect coastal communities in kolhapur,cyclone,,
a prolonged hot spell affected local communities across mumbai,heatwave,,
the region experienced scattered showers in parts of aurangabad,rainfall,,
rain showers affected normal visibility briefly across nagpur,rainfall,,
water inundation was reported in multiple streets near nashik,flood,,
flood water entered shops and residential areas near thane,flood,,
severe convective storms were observed near the district in parts of satara,thunderstorm,,
light rain was reported across the city near mumbai,rainfall,,
roads were submerged after water levels rose in mumbai,flood,,
a prolonged period of heavy rain was reported in thane,heavy_rainfall,,
storm clouds and thunder were reported by residents near satara,thunderstorm,,
according to weather observations a cyclonic storm moved northward over the sea in satara,cyclone,,
according to weather observations a prolonged period of dangerous heat was reported across nashik,heatwave,,
flood conditions affected communities along the river across aurangabad,flood,,
moderate rainfall was observed near the city around satara,rainfall,,
temperatures remained unusually high across the region in pune,heatwave,,
thunderstorm activity developed during the evening around kolhapur,thunderstorm,,
local reports indicate that several areas reported visible lightning flashes across aurangabad,lightning,,
the region received exceptionally high rainfall near nashik,heavy_rainfall,,
a dust storm was reported during the afternoon in nashik,dust_storm,,
moderate rainfall was observed near the city in parts of nashik,rainfall,,
a general weather disturbance was reported in the area near nagpur,other,,
light rain was reported across the city near thane,rainfall,,
rainfall intensity remained high throughout the night near nagpur,heavy_rainfall,,
frequent cloud to ground lightning was reported near nashik,lightning,,
intense rain continued for several hours across mumbai,heavy_rainfall,,
intermittent rain affected the district in satara,rainfall,,
according to weather observations extreme daytime heat was reported across the district in kolhapur,heatwave,,
cyclonic winds affected coastal districts near satara,cyclone,,
according to weather observations winds increased significantly during the evening in nashik,strong_wind,,
the district experienced repeated thunderstorm activity near satara,thunderstorm,,
lightning was detected by monitoring stations around pune,lightning,,
strong gusts caused branches to fall on roads near thane,strong_wind,,
a moving dust front reached several villages near thane,dust_storm,,
residents reported large pieces of hail near thane,hailstorm,,
according to weather observations high winds caused debris to fall across roads across nashik,strong_wind,,
the coastal region prepared for an approaching cyclone across kolhapur,cyclone,,
torrential rain was reported during the evening in parts of nagpur,heavy_rainfall,,
according to weather observations roads were submerged after water levels rose in mumbai,flood,,
multiple stations recorded heavy precipitation around mumbai,heavy_rainfall,,
fields and roads were submerged by rising water in parts of kolhapur,flood,,
according to weather observations heavy fog was reported around the airport across nashik,fog,,
strong winds accompanied the approaching cyclone across pune,cyclone,,
morning fog limited visibility in several locations near mumbai,fog,,
flooding disrupted traffic across the district near thane,flood,,
according to weather observations the region experienced a severe hailstorm across thane,hailstorm,,
the cyclone moved closer to the coast near satara,cyclone,,
fields and roads were submerged by rising water across kolhapur,flood,,
heavy fog was reported around the airport across pune,fog,,
a weather incident was reported without specific measurements across satara,other,,
severe wind conditions disrupted local transport across satara,strong_wind,,
fog affected transportation across the region in parts of pune,fog,,
lightning was observed over nearby villages near thane,lightning,,
the storm produced significant hail damage across mumbai,hailstorm,,
rain was observed at multiple locations around nashik,rainfall,,
according to weather observations weather stations detected strong convective storm activity in pune,thunderstorm,,
several villages received light to moderate rain near nashik,rainfall,,
thunderstorm activity developed during the evening in nagpur,thunderstorm,,
power infrastructure was affected by high winds in mumbai,strong_wind,,
local reports indicate that gale force winds were reported in the area across kolhapur,strong_wind,,
local reports indicate that the cyclone produced hazardous conditions near the coast across satara,cyclone,,
rainfall totals were unusually high in the area near pune,heavy_rainfall,,
airborne dust reduced visibility across highways across satara,dust_storm,,
an unusual condition was noted by observers around nagpur,other,,
torrential rain was reported during the evening in satara,heavy_rainfall,,
according to weather observations strong winds disrupted outdoor operations in mumbai,strong_wind,,
according to weather observations a thick dust plume was observed near the city in thane,dust_storm,,
persistent fog covered low lying areas in pune,fog,,
heavy hail damaged agricultural fields across thane,hailstorm,,
the district experienced repeated thunderstorm activity in kolhapur,thunderstorm,,
an intense heat spell affected the area near mumbai,heatwave,,
cyclonic winds affected coastal districts near mumbai,cyclone,,
according to weather observations thunderstorms disrupted outdoor activities in the district in parts of nagpur,thunderstorm,,
several villages received light to moderate rain across nashik,rainfall,,
the cyclone remained under close weather monitoring in satara,cyclone,,
strong winds disrupted outdoor operations near satara,strong_wind,,
moderate rainfall was observed near the city in mumbai,rainfall,,
high winds caused debris to fall across roads in mumbai,strong_wind,,
according to weather observations the area experienced periods of rain in parts of satara,rainfall,,
according to weather observations rainfall activity increased during the evening around satara,rainfall,,
dense fog was observed at multiple stations near satara,fog,,
occasional showers were reported overnight near nagpur,rainfall,,
local reports indicate that strong winds disrupted outdoor operations in parts of kolhapur,strong_wind,,
fields and roads were submerged by rising water in nashik,flood,,
scattered rainfall was recorded in the region across satara,rainfall,,
according to weather observations strong gusts caused branches to fall on roads around aurangabad,strong_wind,,
according to weather observations high winds caused debris to fall across roads in mumbai,strong_wind,,
a hailstorm damaged crops in several villages near satara,hailstorm,,
local reports indicate that an unidentified weather disturbance was observed near nashik,other,,
the storm produced significant hail damage around nashik,hailstorm,,
according to weather observations fog reduced visibility on major highways around nagpur,fog,,
residents reported light rainfall in the area in kolhapur,rainfall,,
local reports indicate that the region experienced scattered showers in kolhapur,rainfall,,
monitoring systems recorded numerous lightning events in kolhapur,lightning,,
the district experienced repeated thunderstorm activity in nashik,thunderstorm,,
weather stations recorded measurable rainfall around aurangabad,rainfall,,
weather stations recorded measurable rainfall around thane,rainfall,,
local reports indicate that a sudden dust storm swept across the region in parts of aurangabad,dust_storm,,
cyclonic conditions brought strong winds and rain around aurangabad,cyclone,,
storm activity intensified over the region in thane,thunderstorm,,
local reports indicate that homes in low lying areas were inundated around satara,flood,,
monitoring systems recorded numerous lightning events across pune,lightning,,
a general weather event was reported without a specific hazard around mumbai,other,,
repeated lightning strikes were reported overnight around kolhapur,lightning,,
a cyclonic system formed over the arabian sea across aurangabad,cyclone,,
weather stations recorded measurable rainfall in thane,rainfall,,
a prolonged period of heavy rain was reported around kolhapur,heavy_rainfall,,
local reports indicate that morning fog limited visibility in several locations near aurangabad,fog,,
according to weather observations flooding disrupted traffic across the district near pune,flood,,
the storm produced significant hail damage near nashik,hailstorm,,
the region experienced an intense thunderstorm around aurangabad,thunderstorm,,
according to weather observations dense fog reduced visibility near the city across thane,fog,,
large hailstones struck rooftops and crops across satara,hailstorm,,
the area experienced sustained strong winds near aurangabad,strong_wind,,
the region experienced scattered showers across pune,rainfall,,
hailstones covered roads after the storm around thane,hailstorm,,
storm clouds and thunder were reported by residents in satara,thunderstorm,,
thunder was heard as a storm crossed the area in thane,thunderstorm,,
a weather incident was reported without specific measurements around pune,other,,
a widespread dust event affected the district near mumbai,dust_storm,,
according to weather observations hailstones accumulated on roads and open ground in nagpur,hailstorm,,
several villages received light to moderate rain near nagpur,rainfall,,
according to weather observations intense precipitation affected transportation across the city around nagpur,heavy_rainfall,,
moderate rainfall was observed near the city in satara,rainfall,,
the district reported widespread water inundation across nagpur,flood,,
according to weather observations severe wind conditions disrupted local transport across satara,strong_wind,,
a sudden hailstorm damaged crops and vehicles in parts of mumbai,hailstorm,,
ice pellets fell during the afternoon storm across nashik,hailstorm,,
heat conditions remained severe through the afternoon near nagpur,heatwave,,
lightning activity continued throughout the storm in parts of kolhapur,lightning,,
according to weather observations dense fog was observed at multiple stations across pune,fog,,
weather conditions were reported with incomplete information around nagpur,other,,
the tropical system strengthened near the coastline across aurangabad,cyclone,,
the cyclone remained under close weather monitoring around satara,cyclone,,
the region recorded unusually high wind speeds near aurangabad,strong_wind,,
storm clouds and thunder were reported by residents around pune,thunderstorm,,
the cyclone was expected to affect coastal communities in parts of kolhapur,cyclone,,
lightning was detected by monitoring stations near pune,lightning,,
heavy showers continued across the region in aurangabad,heavy_rainfall,,
extreme rainfall was observed at several stations in kolhapur,heavy_rainfall,,
the tropical system strengthened near the coastline in satara,cyclone,,
large hailstones struck rooftops and crops across thane,hailstorm,,
intense rain continued for several hours in kolhapur,heavy_rainfall,,
morning fog limited visibility in several locations across pune,fog,,
local reports indicate that the region recorded unusually high wind speeds around nagpur,strong_wind,,
farmers reported crop damage from hail around aurangabad,hailstorm,,
the region experienced scattered showers in kolhapur,rainfall,,
multiple stations recorded heavy precipitation near satara,heavy_rainfall,,
severe storm activity was observed at multiple stations around mumbai,thunderstorm,,
local reports indicate that persistent heavy rain affected multiple parts of the city around pune,heavy_rainfall,,
the cyclone remained under close weather monitoring in parts of kolhapur,cyclone,,
airborne dust reduced visibility across highways across nagpur,dust_storm,,
the available information was insufficient for a precise classification near mumbai,other,,
moderate rain occurred in several areas near nagpur,rainfall,,
residents reported large pieces of hail in thane,hailstorm,,
rain showers affected normal visibility briefly across thane,rainfall,,
a cyclone caused severe weather along the coast across nagpur,cyclone,,
the coastal region prepared for an approaching cyclone around satara,cyclone,,
the tropical system strengthened near the coastline in nashik,cyclone,,
river water overflowed into nearby settlements in nashik,flood,,
dense fog remained until late morning near aurangabad,fog,,
several signs and branches were damaged by wind around kolhapur,strong_wind,,
strong thunderstorms were reported across the region near kolhapur,thunderstorm,,
the storm produced significant hail damage in parts of kolhapur,hailstorm,,
a cyclone warning was issued for coastal areas around nagpur,cyclone,,
according to weather observations steady rain continued for several hours across thane,rainfall,,
the area experienced sustained strong winds around nashik,strong_wind,,
local reports indicate that water inundation was reported in multiple streets around aurangabad,flood,,
extreme daytime heat was reported across the district in satara,heatwave,,
the region experienced persistent extreme heat near pune,heatwave,,
according to weather observations an intense heat spell affected the area near thane,heatwave,,
moderate rain occurred in several areas around kolhapur,rainfall,,
foggy weather affected road traffic in nagpur,fog,,
strong hailfall was reported across the region across pune,hailstorm,,
a storm with thunder affected several locations in mumbai,thunderstorm,,
a sudden dust storm swept across the region around kolhapur,dust_storm,,
the storm system intensified into a cyclone near aurangabad,cyclone,,
according to weather observations lightning alerts were issued for several areas around thane,lightning,,
according to weather observations monitoring stations reported reduced visibility from fog near nashik,fog,,
storm clouds and thunder were reported by residents near nashik,thunderstorm,,
according to weather observations high wind speeds affected several communities in pune,strong_wind,,
airborne dust reduced visibility across highways in nagpur,dust_storm,,
according to weather observations gale force winds were reported in the area in pune,strong_wind,,
the available information was insufficient for a precise classification across nagpur,other,,
hailstones were observed near multiple villages across thane,hailstorm,,
fields and roads were submerged by rising water near mumbai,flood,,
fields and roads were submerged by rising water in parts of mumbai,flood,,
a severe thunderstorm affected the district in thane,thunderstorm,,
ice pellets fell during the afternoon storm around pune,hailstorm,,
torrential rain was reported during the evening near thane,heavy_rainfall,,
intense precipitation affected transportation across the city in aurangabad,heavy_rainfall,,
a powerful cyclone was observed over the sea near nagpur,cyclone,,
local reports indicate that dusty conditions affected visibility on roads across mumbai,dust_storm,,
the weather report lacked enough detail for a specific category near mumbai,other,,
local reports indicate that thunderstorm cells moved across the city across nagpur,thunderstorm,,
according to weather observations an intense heat spell affected the area in parts of pune,heatwave,,
rain showers were observed during the afternoon across nagpur,rainfall,,
thunderstorm activity developed during the evening across nagpur,thunderstorm,,
a weather related incident was reported without sufficient details around aurangabad,other,,
severe heat conditions affected several cities around nashik,heatwave,,
large amounts of rain fell across the region in satara,heavy_rainfall,,
intense rain continued for several hours around mumbai,heavy_rainfall,,
power infrastructure was affected by high winds across nashik,strong_wind,,
cyclonic conditions brought strong winds and rain in nashik,cyclone,,
a local atmospheric event was reported without classification details near pune,other,,
satellite observations showed a well organized cyclone across mumbai,cyclone,,
a general weather disturbance was reported in the area across mumbai,other,,
scattered rainfall was recorded in the region near mumbai,rainfall,,
wind speeds reached dangerous levels in the region in parts of nagpur,strong_wind,,
wind speeds reached dangerous levels in the region around nashik,strong_wind,,
weather stations detected strong convective storm activity near satara,thunderstorm,,
local reports indicate that a prolonged period of heavy rain was reported in parts of satara,heavy_rainfall,,
strong gusts carried dust across open areas across aurangabad,dust_storm,,
a prolonged period of heavy rain was reported in parts of nashik,heavy_rainfall,,
blowing dust covered several parts of the city in parts of mumbai,dust_storm,,
lightning alerts were issued for several areas around satara,lightning,,
according to weather observations strong hailfall was reported across the region across kolhapur,hailstorm,,
according to weather observations hailstones accumulated on roads and open ground in parts of pune,hailstorm,,
according to weather observations hot weather persisted for several consecutive days across kolhapur,heatwave,,
strong winds disrupted outdoor operations in parts of pune,strong_wind,,
severe convective storms were observed near the district around thane,thunderstorm,,
the district received moderate rainfall near pune,rainfall,,
according to weather observations a storm with thunder affected several locations near nashik,thunderstorm,,
fields and roads were submerged by rising water across nagpur,flood,,
local reports indicate that the cyclone was expected to affect coastal communities in parts of thane,cyclone,,
fog reduced visibility on major highways in parts of aurangabad,fog,,
according to weather observations the region remained under severe heat conditions around thane,heatwave,,
the region experienced widespread lightning discharges in kolhapur,lightning,,
a prolonged period of heavy rain was reported in satara,heavy_rainfall,,
thunderstorm activity developed during the evening in parts of pune,thunderstorm,,
rainfall intensity remained high throughout the night around aurangabad,heavy_rainfall,,
residents reported repeated lightning strikes in kolhapur,lightning,,
according to weather observations foggy weather affected road traffic near satara,fog,,
lightning activity continued throughout the storm across nagpur,lightning,,
flood water entered shops and residential areas across nashik,flood,,
according to weather observations a thick fog layer formed across the valley around aurangabad,fog,,
local reports indicate that the coastal region prepared for an approaching cyclone across aurangabad,cyclone,,
dust storm conditions persisted for several hours in parts of nashik,dust_storm,,
a prolonged period of dangerous heat was reported around mumbai,heatwave,,
a sudden hailstorm damaged crops and vehicles in parts of kolhapur,hailstorm,,
dust storm conditions persisted for several hours near pune,dust_storm,,
according to weather observations a severe cyclone approached the coastal region in parts of nashik,cyclone,,
according to weather observations the city experienced unusually intense heat in kolhapur,heatwave,,
according to weather observations a sudden dust storm swept across the region in parts of thane,dust_storm,,
the region remained under severe heat conditions in parts of aurangabad,heatwave,,
a weather related incident was reported without sufficient details in parts of mumbai,other,,
several villages received light to moderate rain near kolhapur,rainfall,,
according to weather observations severe heat conditions affected several cities in mumbai,heatwave,,
a line of thunderstorms passed through the area across kolhapur,thunderstorm,,
very strong winds were observed near the coast near pune,strong_wind,,
the cyclone remained under close weather monitoring in parts of nagpur,cyclone,,
the storm produced significant hail damage near aurangabad,hailstorm,,
rain was observed at multiple locations across mumbai,rainfall,,
local reports indicate that several stations recorded record high temperatures across thane,heatwave,,
several areas reported visible lightning flashes across mumbai,lightning,,
local reports indicate that lightning strikes were recorded at multiple locations in nashik,lightning,,
thunderstorm conditions persisted for nearly an hour across thane,thunderstorm,,
local reports indicate that thick fog covered the area during the morning in kolhapur,fog,,
local reports indicate that high temperatures continued for another day across thane,heatwave,,
the area experienced severe flooding after water levels increased near thane,flood,,
a weather related observation was received with insufficient context near nashik,other,,
ice pellets fell during the afternoon storm in mumbai,hailstorm,,
local reports indicate that power lines were affected by powerful wind gusts around aurangabad,strong_wind,,
local reports indicate that a thick fog layer formed across the valley around mumbai,fog,,
monitoring systems recorded numerous lightning events around satara,lightning,,
local reports indicate that the district experienced repeated thunderstorm activity around kolhapur,thunderstorm,,
weather conditions were reported with incomplete information in kolhapur,other,,
local reports indicate that visibility deteriorated because of airborne dust in aurangabad,dust_storm,,
a powerful cyclone was observed over the sea in nashik,cyclone,,
the cyclone was expected to affect coastal communities in parts of mumbai,cyclone,,
the cyclone was expected to affect coastal communities around aurangabad,cyclone,,
several villages were affected by flooding near nashik,flood,,
rainfall was reported from multiple locations in parts of nashik,rainfall,,
the district received moderate rainfall in mumbai,rainfall,,
local reports indicate that the available report did not clearly identify the weather event in satara,other,,
thunder was heard as a storm crossed the area around satara,thunderstorm,,
rain showers affected normal visibility briefly near satara,rainfall,,
heat conditions remained severe through the afternoon in satara,heatwave,,
according to weather observations cyclonic conditions brought strong winds and rain in parts of nagpur,cyclone,,
according to weather observations residents reported unusually powerful winds near nashik,strong_wind,,
the region experienced persistent extreme heat in parts of pune,heatwave,,
a layer of fog persisted over the district around thane,fog,,
occasional showers were reported overnight across pune,rainfall,,
river overflow caused inundation in nearby communities around aurangabad,flood,,
a large dust cloud moved through the region in mumbai,dust_storm,,
flooding blocked access to several roads in parts of nashik,flood,,
the region experienced a severe hailstorm near kolhapur,hailstorm,,
power lines were affected by powerful wind gusts near pune,strong_wind,,
local reports indicate that monitoring stations reported reduced visibility from fog near pune,fog,,
a layer of fog persisted over the district around mumbai,fog,,
local reports indicate that a cyclonic system formed over the arabian sea in mumbai,cyclone,,
hailstones covered roads after the storm in parts of thane,hailstorm,,
a dense cloud of dust moved across the district in nagpur,dust_storm,,
a severe heat event affected multiple districts near satara,heatwave,,
fog affected transportation across the region around aurangabad,fog,,
cyclonic winds affected coastal districts across pune,cyclone,,
the area experienced blowing dust during strong winds in parts of nashik,dust_storm,,
temperatures stayed well above the seasonal average in parts of thane,heatwave,,
a widespread dust event affected the district in parts of kolhapur,dust_storm,,
electrical storm activity was detected across the region in parts of thane,lightning,,
thunderstorms disrupted outdoor activities in the district near aurangabad,thunderstorm,,
the region received exceptionally high rainfall around mumbai,heavy_rainfall,,
a severe thunderstorm affected the district across pune,thunderstorm,,
a local weather anomaly was reported without further details across pune,other,,
according to weather observations daytime temperatures crossed extreme levels around satara,heatwave,,
a severe cyclone approached the coastal region in parts of pune,cyclone,,
extreme daytime heat was reported across the district in pune,heatwave,,
local reports indicate that the district experienced intense lightning activity across mumbai,lightning,,
a short but intense hailstorm affected the area in parts of nashik,hailstorm,,
monitoring systems recorded numerous lightning events around kolhapur,lightning,,
weather stations recorded exceptionally high temperatures across nagpur,heatwave,,
according to weather observations persistent fog covered low lying areas in mumbai,fog,,
hailstones covered roads after the storm around pune,hailstorm,,
frequent lightning was reported during the storm in satara,lightning,,
several parts of the region experienced rain near nashik,rainfall,,
the report contained limited information about the observed conditions across nagpur,other,,
according to weather observations weather stations detected strong convective storm activity across pune,thunderstorm,,
thunderstorm conditions persisted for nearly an hour across nashik,thunderstorm,,
the available report did not clearly identify the weather event in parts of kolhapur,other,,
a spell of heavy rain affected the district across pune,heavy_rainfall,,
according to weather observations intermittent rain affected the district near mumbai,rainfall,,
several areas experienced intense and continuous rainfall around satara,heavy_rainfall,,
according to weather observations a tropical cyclone affected several coastal districts in parts of nagpur,cyclone,,
local reports indicate that the available information was insufficient for a precise classification near kolhapur,other,,
heavy showers continued across the region in pune,heavy_rainfall,,
local reports indicate that monitoring stations reported reduced visibility from fog around aurangabad,fog,,
local reports indicate that satellite observations showed a well organized cyclone in parts of nashik,cyclone,,
the area experienced sustained strong winds around pune,strong_wind,,
fields and roads were submerged by rising water in thane,flood,,
local reports indicate that large hail was reported in the area near kolhapur,hailstorm,,
local reports indicate that weather stations recorded exceptionally high temperatures near aurangabad,heatwave,,
gale force winds were reported in the area around thane,strong_wind,,
a storm with thunder affected several locations near nagpur,thunderstorm,,
a dust storm was reported during the afternoon near nashik,dust_storm,,
the district received moderate rainfall near nashik,rainfall,,
according to weather observations a cyclonic system formed over the arabian sea across nagpur,cyclone,,
several fields were damaged by falling hail in parts of kolhapur,hailstorm,,
a severe cyclone approached the coastal region around nashik,cyclone,,
local reports indicate that several lightning flashes were seen near the city in aurangabad,lightning,,
local reports indicate that a widespread dust event affected the district near aurangabad,dust_storm,,
a prolonged hot spell affected local communities around nagpur,heatwave,,
gale force winds were reported in the area around nashik,strong_wind,,
strong thunderstorms were reported across the region near pune,thunderstorm,,
a severe thunderstorm affected the district around nagpur,thunderstorm,,
the region received exceptionally high rainfall in satara,heavy_rainfall,,
a thick fog layer formed across the valley around satara,fog,,
according to weather observations dusty winds disrupted visibility and travel across pune,dust_storm,,
a severe thunderstorm affected the district near pune,thunderstorm,,
water inundation was reported in multiple streets in nashik,flood,,
rain was recorded at nearby observation stations across pune,rainfall,,
continuous rain produced substantial surface runoff around satara,heavy_rainfall,,
the area experienced blowing dust during strong winds in parts of nagpur,dust_storm,,
the available information was insufficient for a precise classification in aurangabad,other,,
occasional showers were reported overnight near thane,rainfall,,
a short but intense hailstorm affected the area in parts of kolhapur,hailstorm,,
thunderstorm activity developed during the evening around thane,thunderstorm,,
strong winds lifted dust over several areas across nagpur,dust_storm,,
the area experienced periods of rain in parts of mumbai,rainfall,,
large amounts of rain fell across the region across kolhapur,heavy_rainfall,,
the district experienced intense lightning activity across aurangabad,lightning,,
a prolonged period of dangerous heat was reported in parts of nashik,heatwave,,
morning fog limited visibility in several locations in parts of pune,fog,,
local reports indicate that a general weather disturbance was reported in the area in nagpur,other,,
a local atmospheric event was reported without classification details across pune,other,,
a cyclone warning was issued for coastal areas in parts of aurangabad,cyclone,,
a moving dust front reached several villages across satara,dust_storm,,
emergency teams prepared for the incoming cyclone across satara,cyclone,,
a dense cloud of dust moved across the district near pune,dust_storm,,
a developing thunderstorm moved toward the city in kolhapur,thunderstorm,,
according to weather observations a cyclonic system formed over the arabian sea in parts of nashik,cyclone,,
strong electrical activity was observed in the clouds in aurangabad,lightning,,
flooding disrupted traffic across the district across pune,flood,,
severe wind conditions disrupted local transport in parts of pune,strong_wind,,
according to weather observations the region received exceptionally high rainfall near nashik,heavy_rainfall,,
fields and roads were submerged by rising water around pune,flood,,
visibility remained poor due to fog near pune,fog,,
lightning alerts were issued for several areas near nagpur,lightning,,
according to weather observations a local atmospheric event was reported without classification details in mumbai,other,,
the district experienced damaging wind gusts around thane,strong_wind,,
strong gusts caused branches to fall on roads around pune,strong_wind,,
hailstones covered roads after the storm in thane,hailstorm,,
large amounts of rain fell across the region in parts of aurangabad,heavy_rainfall,,
the available information was insufficient for a precise classification near pune,other,,
according to weather observations the city experienced unusually intense heat around thane,heatwave,,
a large dust cloud moved through the region in parts of aurangabad,dust_storm,,
flood water entered shops and residential areas around thane,flood,,
daytime temperatures crossed extreme levels across nashik,heatwave,,
a cyclone warning was issued for coastal areas in parts of nashik,cyclone,,
the region experienced widespread lightning discharges in aurangabad,lightning,,
the district experienced damaging wind gusts around satara,strong_wind,,
the storm produced significant hail damage around aurangabad,hailstorm,,
local reports indicate that lightning was observed over nearby villages around mumbai,lightning,,
several areas reported visible lightning flashes in parts of kolhapur,lightning,,
cyclonic conditions brought strong winds and rain in parts of pune,cyclone,,
electrical storm activity was detected across the region in nagpur,lightning,,
dusty conditions affected visibility on roads near mumbai,dust_storm,,
according to weather observations residents reported light rainfall in the area in nagpur,rainfall,,
multiple homes were surrounded by flood water near nagpur,flood,,
local reports indicate that heavy fog was reported around the airport across thane,fog,,
a line of thunderstorms passed through the area near satara,thunderstorm,,
the region remained under severe heat conditions around mumbai,heatwave,,
frequent lightning was reported during the storm in kolhapur,lightning,,
local reports indicate that fields and roads were submerged by rising water near aurangabad,flood,,
water covered roads and entered local houses in parts of kolhapur,flood,,
the city experienced unusually intense heat across aurangabad,heatwave,,
temperatures remained unusually high across the region near aurangabad,heatwave,,
according to weather observations several neighborhoods remained under flood water near pune,flood,,
roads were submerged after water levels rose in nagpur,flood,,
according to weather observations a cyclonic storm moved northward over the sea near nagpur,cyclone,,
residents reported heavy dust in the air in parts of satara,dust_storm,,
multiple lightning strikes occurred within a short period around aurangabad,lightning,,
several signs and branches were damaged by wind in parts of kolhapur,strong_wind,,
heat conditions remained severe through the afternoon near pune,heatwave,,
a weather incident was reported without specific measurements in parts of satara,other,,
local reports indicate that weather stations recorded measurable rainfall across kolhapur,rainfall,,
according to weather observations a developing thunderstorm moved toward the city across kolhapur,thunderstorm,,
a weather incident was reported without specific measurements around thane,other,,
strong winds disrupted outdoor operations in parts of nagpur,strong_wind,,
monitoring systems recorded numerous lightning events near nashik,lightning,,
strong gusts caused branches to fall on roads in nashik,strong_wind,,
storm activity intensified over the region around nashik,thunderstorm,,
rain was recorded at nearby observation stations in parts of pune,rainfall,,
flooding disrupted traffic across the district across thane,flood,,
according to weather observations strong winds accompanied the approaching cyclone across aurangabad,cyclone,,
a severe cyclone approached the coastal region across mumbai,cyclone,,
a weather incident was reported without specific measurements around nagpur,other,,
water covered roads and entered local houses around nagpur,flood,,
according to weather observations multiple stations recorded heavy precipitation across aurangabad,heavy_rainfall,,
a prolonged period of heavy rain was reported around mumbai,heavy_rainfall,,
rain was recorded at nearby observation stations across satara,rainfall,,
several lightning flashes were seen near the city near mumbai,lightning,,
severe storm activity was observed at multiple stations in nagpur,thunderstorm,,
thunderstorm cells moved across the city across nashik,thunderstorm,,
the city experienced unusually intense heat in nashik,heatwave,,
a severe heat event affected multiple districts around kolhapur,heatwave,,
rain was recorded at nearby observation stations around mumbai,rainfall,,
strong winds lifted dust over several areas around aurangabad,dust_storm,,
lightning strikes were recorded at multiple locations across thane,lightning,,
local reports indicate that severe storm activity was observed at multiple stations around satara,thunderstorm,,
local reports indicate that thunderstorm conditions persisted for nearly an hour around thane,thunderstorm,,
dusty winds disrupted visibility and travel near pune,dust_storm,,
a hailstorm damaged crops in several villages near nashik,hailstorm,,
hot weather persisted for several consecutive days near nagpur,heatwave,,
according to weather observations flood water entered several residential buildings in parts of nashik,flood,,
several parts of the region experienced rain near nagpur,rainfall,,
thunderstorm conditions persisted for nearly an hour in parts of kolhapur,thunderstorm,,
hailstones fell across the district during the storm in parts of thane,hailstorm,,
several signs and branches were damaged by wind across satara,strong_wind,,
the region experienced an intense thunderstorm in satara,thunderstorm,,
according to weather observations the region experienced persistent extreme heat in parts of pune,heatwave,,
dangerously hot conditions were observed across the area near nashik,heatwave,,
local reports indicate that the district experienced damaging wind gusts across mumbai,strong_wind,,
a number of lightning discharges occurred in the region around nashik,lightning,,
according to weather observations heavy precipitation persisted into the morning across satara,heavy_rainfall,,
local reports indicate that rainfall was reported from multiple locations around mumbai,rainfall,,
weather stations detected strong convective storm activity around mumbai,thunderstorm,,
the region experienced scattered showers in pune,rainfall,,
a weather incident was reported without specific measurements across thane,other,,
local reports indicate that homes in low lying areas were inundated near nashik,flood,,
residents reported repeated lightning strikes in thane,lightning,,
winds increased significantly during the evening in parts of thane,strong_wind,,
residents reported unusually powerful winds near aurangabad,strong_wind,,
according to weather observations overflowing water isolated several villages in parts of mumbai,flood,,
a dust storm reduced visibility across the district across kolhapur,dust_storm,,
local reports indicate that a general weather disturbance was reported in the area around pune,other,,
according to weather observations rainfall intensity remained high throughout the night around kolhapur,heavy_rainfall,,
the region experienced an intense thunderstorm in parts of kolhapur,thunderstorm,,
monitoring stations reported reduced visibility from fog in parts of kolhapur,fog,,
moderate rain occurred in several areas near satara,rainfall,,
a sudden dust storm swept across the region near thane,dust_storm,,
flood water entered shops and residential areas around aurangabad,flood,,
weather conditions were reported with incomplete information across nagpur,other,,
foggy weather affected road traffic around nashik,fog,,
several neighborhoods remained under flood water in nagpur,flood,,
dusty conditions affected visibility on roads near thane,dust_storm,,
strong gusts damaged temporary structures in kolhapur,strong_wind,,
a sudden hailstorm damaged crops and vehicles near mumbai,hailstorm,,
the district received moderate rainfall in pune,rainfall,,
a weather related observation was received with insufficient context around nagpur,other,,
strong hailfall was reported across the region around satara,hailstorm,,
according to weather observations several lightning flashes were seen near the city in parts of thane,lightning,,
according to weather observations the report did not provide enough evidence to classify the event near nashik,other,,
occasional showers were reported overnight around pune,rainfall,,
dangerously hot conditions were observed across the area in parts of aurangabad,heatwave,,
electrical storm activity was detected across the region in nashik,lightning,,
local reports indicate that the region experienced an intense thunderstorm around nashik,thunderstorm,,
river overflow caused inundation in nearby communities around thane,flood,,
rain showers were observed during the afternoon near nagpur,rainfall,,
persistent heavy rain affected multiple parts of the city across nashik,heavy_rainfall,,
a general weather disturbance was reported in the area near aurangabad,other,,
strong electrical activity was observed in the clouds around aurangabad,lightning,,
a weather related incident was reported without sufficient details across satara,other,,
a general weather disturbance was reported in the area near pune,other,,
lightning was observed over nearby villages across satara,lightning,,
the cyclone was expected to affect coastal communities near satara,cyclone,,
dangerously hot conditions were observed across the area in nashik,heatwave,,
rain was observed at multiple locations in pune,rainfall,,
a local weather anomaly was reported without further details across nagpur,other,,
multiple homes were surrounded by flood water around mumbai,flood,,
the district reported widespread water inundation in mumbai,flood,,
satellite observations showed a well organized cyclone in kolhapur,cyclone,,
according to weather observations emergency teams prepared for the incoming cyclone in thane,cyclone,,
monitoring stations reported reduced visibility from fog across satara,fog,,
lightning strikes were recorded at multiple locations across satara,lightning,,
authorities monitored a developing tropical cyclone in kolhapur,cyclone,,
strong thunderstorms were reported across the region in parts of mumbai,thunderstorm,,
according to weather observations rainfall intensity remained high throughout the night across aurangabad,heavy_rainfall,,
hailstones covered roads after the storm near nagpur,hailstorm,,
several signs and branches were damaged by wind around mumbai,strong_wind,,
a general weather event was reported without a specific hazard in parts of nagpur,other,,
strong winds accompanied the approaching cyclone in parts of pune,cyclone,,
a hail event affected agricultural areas around mumbai,hailstorm,,
dusty winds disrupted visibility and travel around aurangabad,dust_storm,,
lightning strikes were recorded at multiple locations around pune,lightning,,
river overflow caused inundation in nearby communities around nashik,flood,,
lightning activity increased during the evening in parts of nashik,lightning,,
a weather related observation was received with insufficient context around satara,other,,
several villages were affected by flooding in kolhapur,flood,,
a local weather anomaly was reported without further details around thane,other,,
the region experienced persistent extreme heat around thane,heatwave,,
an intense heat spell affected the area in parts of aurangabad,heatwave,,
according to weather observations fog reduced visibility on major highways across aurangabad,fog,,
the incident requires additional information for classification in parts of mumbai,other,,
a layer of fog persisted over the district near mumbai,fog,,
a local weather anomaly was reported without further details in parts of aurangabad,other,,
a severe heat event affected multiple districts around aurangabad,heatwave,,
the report described unusual conditions but lacked a clear event type in parts of aurangabad,other,,
a moving dust front reached several villages near pune,dust_storm,,
rain showers affected normal visibility briefly near nashik,rainfall,,
a moving dust front reached several villages around mumbai,dust_storm,,
lightning activity increased during the evening near mumbai,lightning,,
the available report did not clearly identify the weather event in parts of nashik,other,,
thunderstorm activity developed during the evening near thane,thunderstorm,,
strong winds damaged trees across the district in pune,strong_wind,,
according to weather observations high wind speeds affected several communities in parts of kolhapur,strong_wind,,
according to weather observations authorities monitored a developing tropical cyclone near mumbai,cyclone,,
according to weather observations residents reported light rainfall in the area in parts of pune,rainfall,,
the report described unusual conditions but lacked a clear event type in parts of satara,other,,
several areas experienced intense and continuous rainfall around nashik,heavy_rainfall,,
local reports indicate that several villages received light to moderate rain around aurangabad,rainfall,,
local reports indicate that a layer of fog persisted over the district around nashik,fog,,
foggy weather affected road traffic in parts of kolhapur,fog,,
according to weather observations a thick dust plume was observed near the city across nashik,dust_storm,,
flooding disrupted traffic across the district around mumbai,flood,,
flooding blocked access to several roads across thane,flood,,
a dust storm reduced visibility across the district near mumbai,dust_storm,,
a short but intense hailstorm affected the area in thane,hailstorm,,
according to weather observations a short but intense hailstorm affected the area around pune,hailstorm,,
very heavy rainfall was recorded across the district in parts of mumbai,heavy_rainfall,,
weather stations recorded exceptionally high temperatures near nashik,heatwave,,
a powerful cyclone was observed over the sea across aurangabad,cyclone,,
a large dust cloud moved through the region across pune,dust_storm,,
ice pellets fell during the afternoon storm in pune,hailstorm,,
a weather related observation was received with insufficient context across pune,other,,
multiple homes were surrounded by flood water in parts of thane,flood,,
the cyclone produced hazardous conditions near the coast across aurangabad,cyclone,,
according to weather observations persistent fog covered low lying areas around kolhapur,fog,,
according to weather observations a short but intense hailstorm affected the area around nashik,hailstorm,,
lightning strikes were recorded at multiple locations in nagpur,lightning,,
according to weather observations a weather related incident was reported without sufficient details in nashik,other,,
the area experienced severe flooding after water levels increased in parts of satara,flood,,
cyclonic conditions brought strong winds and rain near nashik,cyclone,,
a weather incident was reported without specific measurements near kolhapur,other,,
the district experienced damaging wind gusts in parts of thane,strong_wind,,
a prolonged period of heavy rain was reported around pune,heavy_rainfall,,
a dense cloud of dust moved across the district around thane,dust_storm,,
dense fog reduced visibility near the city in nagpur,fog,,
farmers reported crop damage from hail in aurangabad,hailstorm,,
strong gusts damaged temporary structures near thane,strong_wind,,
power infrastructure was affected by high winds in aurangabad,strong_wind,,
fields and roads were submerged by rising water near nashik,flood,,
a cyclonic storm moved northward over the sea in thane,cyclone,,
a local atmospheric event was reported without classification details in parts of thane,other,,
wind speeds reached dangerous levels in the region near aurangabad,strong_wind,,
the river crossed its danger level and flooded nearby areas around kolhapur,flood,,
according to weather observations power lines were affected by powerful wind gusts in parts of pune,strong_wind,,
dusty conditions affected visibility on roads near kolhapur,dust_storm,,
scattered rainfall was recorded in the region across thane,rainfall,,
visibility remained poor due to fog in parts of satara,fog,,
farmers reported crop damage from hail near satara,hailstorm,,
dense morning fog covered several roads across nagpur,fog,,
the weather report lacked enough detail for a specific category in parts of kolhapur,other,,
flooding blocked access to several roads across kolhapur,flood,,
gale force winds were reported in the area around pune,strong_wind,,
rainfall was reported from multiple locations in pune,rainfall,,
weather stations recorded exceptionally high temperatures in parts of satara,heatwave,,
river water overflowed into nearby settlements near satara,flood,,
strong hailfall was reported across the region near mumbai,hailstorm,,
according to weather observations several signs and branches were damaged by wind around nashik,strong_wind,,
local reports indicate that rain was observed at multiple locations in nagpur,rainfall,,
according to weather observations strong winds accompanied the approaching cyclone across satara,cyclone,,
the region received exceptionally high rainfall in thane,heavy_rainfall,,
thunderstorms disrupted outdoor activities in the district across mumbai,thunderstorm,,
extreme rainfall was observed at several stations near kolhapur,heavy_rainfall,,
rainfall activity increased during the evening around mumbai,rainfall,,
rain showers affected normal visibility briefly around kolhapur,rainfall,,
the region experienced an intense thunderstorm across pune,thunderstorm,,
according to weather observations cyclonic conditions brought strong winds and rain around mumbai,cyclone,,
several areas experienced dense fog conditions around pune,fog,,
according to weather observations dusty winds disrupted visibility and travel near satara,dust_storm,,
according to weather observations blowing dust covered several parts of the city near kolhapur,dust_storm,,
dust storm conditions persisted for several hours in parts of nagpur,dust_storm,,
the event description did not identify a specific weather hazard in parts of kolhapur,other,,
according to weather observations daytime temperatures crossed extreme levels in mumbai,heatwave,,
a large dust cloud moved through the region around nagpur,dust_storm,,
a local atmospheric event was reported without classification details in parts of mumbai,other,,
strong winds lifted dust over several areas near thane,dust_storm,,
according to weather observations a severe thunderstorm affected the district around nagpur,thunderstorm,,
a moving dust front reached several villages in parts of aurangabad,dust_storm,,
a cyclone warning was issued for coastal areas in parts of thane,cyclone,,
fields and roads were submerged by rising water in nagpur,flood,,
rainfall was reported from multiple locations in aurangabad,rainfall,,
a sudden hailstorm damaged crops and vehicles in parts of nashik,hailstorm,,
a severe thunderstorm affected the district in nashik,thunderstorm,,
according to weather observations the area experienced blowing dust during strong winds near satara,dust_storm,,
local reports indicate that a prolonged period of dangerous heat was reported near nashik,heatwave,,
the weather report lacked enough detail for a specific category near kolhapur,other,,
foggy conditions affected early morning travel in aurangabad,fog,,
the region recorded unusually high wind speeds around nashik,strong_wind,,
high temperatures continued for another day across aurangabad,heatwave,,
according to weather observations a local atmospheric event was reported without classification details in parts of thane,other,,
according to weather observations airborne dust reduced visibility across highways across aurangabad,dust_storm,,
local reports indicate that hailstones fell across the district during the storm across satara,hailstorm,,
severe convective storms were observed near the district in parts of nashik,thunderstorm,,
the region experienced an intense thunderstorm in parts of aurangabad,thunderstorm,,
according to weather observations the district experienced a sustained heatwave in satara,heatwave,,
multiple stations recorded heavy precipitation near aurangabad,heavy_rainfall,,
river water overflowed into nearby settlements around thane,flood,,
heavy fog was reported around the airport near mumbai,fog,,
visibility remained poor due to fog around pune,fog,,
according to weather observations a localized thunderstorm affected nearby communities around nagpur,thunderstorm,,
the region remained under severe heat conditions around nagpur,heatwave,,
severe wind conditions disrupted local transport in aurangabad,strong_wind,,
local reports indicate that a number of lightning discharges occurred in the region around thane,lightning,,
weather stations recorded exceptionally high temperatures near pune,heatwave,,
persistent fog covered low lying areas around pune,fog,,
heavy fog was reported around the airport in aurangabad,fog,,
local reports indicate that authorities monitored a developing tropical cyclone around pune,cyclone,,
local reports indicate that fog reduced visibility on major highways in parts of satara,fog,,
local reports indicate that hailstones fell across the district during the storm around nashik,hailstorm,,
according to weather observations dense fog remained until late morning across mumbai,fog,,
according to weather observations a moving dust front reached several villages across pune,dust_storm,,
according to weather observations visibility remained poor due to fog in parts of nashik,fog,,
the event description did not identify a specific weather hazard near nashik,other,,
local reports indicate that the event description did not identify a specific weather hazard around mumbai,other,,
a large dust cloud moved through the region near aurangabad,dust_storm,,
according to weather observations monitoring systems recorded numerous lightning events across pune,lightning,,
local reports indicate that a severe thunderstorm affected the district in parts of nagpur,thunderstorm,,
a large dust cloud moved through the region around satara,dust_storm,,
severe wind conditions disrupted local transport in parts of aurangabad,strong_wind,,
a thick dust plume was observed near the city across nagpur,dust_storm,,
the district experienced a sustained heatwave near mumbai,heatwave,,
lightning was detected by monitoring stations across kolhapur,lightning,,
roads were submerged after water levels rose near satara,flood,,
the region was affected by a strong dust storm in parts of kolhapur,dust_storm,,
a weather related incident was reported without sufficient details around thane,other,,
the area experienced blowing dust during strong winds around pune,dust_storm,,
according to weather observations high winds caused debris to fall across roads in parts of pune,strong_wind,,
moderate rainfall was observed near the city around nashik,rainfall,,
lightning activity continued throughout the storm near aurangabad,lightning,,
according to weather observations flooding disrupted traffic across the district in thane,flood,,
a strong storm system affected several villages in parts of mumbai,thunderstorm,,
according to weather observations visibility remained poor due to fog in nashik,fog,,
strong gusts caused branches to fall on roads in parts of kolhapur,strong_wind,,
local reports indicate that repeated lightning strikes were reported overnight in thane,lightning,,
according to weather observations rain showers were observed during the afternoon in nagpur,rainfall,,
continuous rain produced substantial surface runoff near nashik,heavy_rainfall,,
a strong storm system affected several villages around satara,thunderstorm,,
rainfall intensity remained high throughout the night around nashik,heavy_rainfall,,
the report did not provide enough evidence to classify the event in parts of thane,other,,
according to weather observations the district experienced intense lightning activity in parts of nashik,lightning,,
thick mist and fog were observed before sunrise around aurangabad,fog,,
several lightning flashes were seen near the city near thane,lightning,,
a moving dust front reached several villages in parts of nashik,dust_storm,,
strong gusts damaged temporary structures near nashik,strong_wind,,
hailstones were observed near multiple villages near kolhapur,hailstorm,,
thunderstorms disrupted outdoor activities in the district around thane,thunderstorm,,
strong gusts carried dust across open areas near nagpur,dust_storm,,
local reports indicate that the available report did not clearly identify the weather event around satara,other,,
roads were submerged after water levels rose near mumbai,flood,,
according to weather observations a severe thunderstorm affected the district in kolhapur,thunderstorm,,
the area experienced sustained strong winds in parts of mumbai,strong_wind,,
the region experienced scattered showers across nagpur,rainfall,,
the region experienced a severe hailstorm in mumbai,hailstorm,,
hailstones covered roads after the storm near satara,hailstorm,,
cyclonic winds affected coastal districts near kolhapur,cyclone,,
winds increased significantly during the evening across aurangabad,strong_wind,,
heavy precipitation persisted into the morning in aurangabad,heavy_rainfall,,
cyclonic conditions brought strong winds and rain across pune,cyclone,,
multiple stations recorded heavy precipitation around pune,heavy_rainfall,,
a sudden dust storm swept across the region in parts of nashik,dust_storm,,
according to weather observations intense rain continued for several hours near pune,heavy_rainfall,,
fog reduced visibility on major highways in parts of thane,fog,,
high temperatures continued for another day in parts of aurangabad,heatwave,,
fog affected transportation across the region around nashik,fog,,
hailstones accumulated on roads and open ground in parts of aurangabad,hailstorm,,
a prolonged hot spell affected local communities around nashik,heatwave,,
according to weather observations visibility remained poor due to fog near nagpur,fog,,
weather stations recorded measurable rainfall in parts of aurangabad,rainfall,,
local reports indicate that hailstones fell across the district during the storm around thane,hailstorm,,
hot weather persisted for several consecutive days around nashik,heatwave,,
according to weather observations the area experienced severe flooding after water levels increased near pune,flood,,
very heavy rainfall was recorded across the district near satara,heavy_rainfall,,
a cyclone caused severe weather along the coast across thane,cyclone,,
weather stations detected strong convective storm activity across kolhapur,thunderstorm,,
a powerful cyclone was observed over the sea in parts of thane,cyclone,,
weather stations detected strong convective storm activity in parts of nagpur,thunderstorm,,
residents reported repeated lightning strikes in nashik,lightning,,
thunderstorms disrupted outdoor activities in the district in parts of nashik,thunderstorm,,
intense rain continued for several hours near kolhapur,heavy_rainfall,,
a cyclonic system formed over the arabian sea in parts of nagpur,cyclone,,
strong electrical activity was observed in the clouds in kolhapur,lightning,,
according to weather observations hot weather persisted for several consecutive days near aurangabad,heatwave,,
several neighborhoods remained under flood water across thane,flood,,
severe storm activity was observed at multiple stations near mumbai,thunderstorm,,
according to weather observations authorities monitored a developing tropical cyclone across nashik,cyclone,,
strong electrical activity was observed in the clouds in satara,lightning,,
large hailstones struck rooftops and crops in parts of nashik,hailstorm,,
according to weather observations moderate rain occurred in several areas around mumbai,rainfall,,
rain was recorded at nearby observation stations in parts of kolhapur,rainfall,,
strong winds lifted dust over several areas in parts of satara,dust_storm,,
the report described unusual conditions but lacked a clear event type in parts of kolhapur,other,,
storm activity intensified over the region near nashik,thunderstorm,,
visibility dropped sharply because of dense fog in pune,fog,,
according to weather observations a prolonged hot spell affected local communities around mumbai,heatwave,,
electrical storm activity was detected across the region around thane,lightning,,
local reports indicate that a dust storm was reported during the afternoon near nashik,dust_storm,,
high winds caused debris to fall across roads around satara,strong_wind,,
the tropical system strengthened near the coastline in parts of satara,cyclone,,
steady rain continued for several hours in satara,rainfall,,
a developing thunderstorm moved toward the city around nashik,thunderstorm,,
the available report did not clearly identify the weather event near nagpur,other,,
heavy fog was reported around the airport across thane,fog,,
fog reduced visibility on major highways near thane,fog,,
hailstones were observed near multiple villages in mumbai,hailstorm,,
visibility remained poor due to fog across pune,fog,,
hailstones fell across the district during the storm across aurangabad,hailstorm,,
according to weather observations torrential rain was reported during the evening around nashik,heavy_rainfall,,
hailfall affected several parts of the district near satara,hailstorm,,
a cyclone warning was issued for coastal areas across aurangabad,cyclone,,
flood conditions affected communities along the river around pune,flood,,
according to weather observations the available information was insufficient for a precise classification near mumbai,other,,
heat conditions remained severe through the afternoon in thane,heatwave,,
cyclonic conditions brought strong winds and rain across thane,cyclone,,
hail was recorded during severe convective activity across kolhapur,hailstorm,,
river water overflowed into nearby settlements across mumbai,flood,,
heavy fog was reported around the airport in kolhapur,fog,,
the region experienced persistent extreme heat in mumbai,heatwave,,
gale force winds were reported in the area across mumbai,strong_wind,,
residents were moved from flooded low lying areas near thane,flood,,
rainfall activity increased during the evening across satara,rainfall,,
high winds caused debris to fall across roads in parts of pune,strong_wind,,
according to weather observations strong electrical activity was observed in the clouds in parts of mumbai,lightning,,
according to weather observations several fields were damaged by falling hail in kolhapur,hailstorm,,
according to weather observations a weather related observation was received with insufficient context in parts of kolhapur,other,,
electrical storm activity was detected across the region around aurangabad,lightning,,
according to weather observations fields and roads were submerged by rising water near satara,flood,,
the region experienced an intense thunderstorm near nagpur,thunderstorm,,
a cyclone caused severe weather along the coast in parts of mumbai,cyclone,,
rain was observed at multiple locations near pune,rainfall,,
local reports indicate that roads were submerged after water levels rose in parts of aurangabad,flood,,
temperatures remained unusually high across the region near nagpur,heatwave,,
the cyclone produced hazardous conditions near the coast around nagpur,cyclone,,
lightning was detected by monitoring stations in parts of thane,lightning,,
heat conditions remained severe through the afternoon around aurangabad,heatwave,,
weather conditions were reported with incomplete information near nashik,other,,
a layer of fog persisted over the district near nashik,fog,,
the cyclone was expected to affect coastal communities across kolhapur,cyclone,,
local reports indicate that a line of thunderstorms passed through the area in parts of nashik,thunderstorm,,
local reports indicate that a sudden dust storm swept across the region around aurangabad,dust_storm,,
rainfall activity increased during the evening in thane,rainfall,,
hailstones covered roads after the storm near pune,hailstorm,,
morning fog limited visibility in several locations around nagpur,fog,,
extreme rainfall was observed at several stations in thane,heavy_rainfall,,
daytime temperatures crossed extreme levels in aurangabad,heatwave,,
multiple homes were surrounded by flood water across satara,flood,,
large hailstones struck rooftops and crops around satara,hailstorm,,
local reports indicate that strong gusts carried dust across open areas across mumbai,dust_storm,,
lightning activity increased during the evening across mumbai,lightning,,
extreme daytime heat was reported across the district in nashik,heatwave,,
a severe heat event affected multiple districts around mumbai,heatwave,,
a storm with thunder affected several locations near kolhapur,thunderstorm,,
waterlogging flooding reported in low lying areas of nagpur,flood,,
waterlogging flooding reported in low lying areas of mumbai,flood,,
dust storm reported around nashik,dust_storm,,
thunderstorm with lightning reported near nagpur,thunderstorm,,
thunderstorm with lightning reported near mumbai,thunderstorm,,
heatwave conditions reported in nashik,heatwave,,
dense fog reducing visibility in nagpur,fog,,
moderate to heavy rainfall reported in nashik,rainfall,,
unusual weather conditions reported in nashik,other,,
strong winds reported in nashik,strong_wind,,
unusual weather conditions reported in mumbai,other,,
unusual weather conditions reported in nagpur,other,,
heatwave conditions reported in mumbai,heatwave,,
strong winds reported in nagpur,strong_wind,,
strong winds reported in mumbai,strong_wind,,
thunderstorm with lightning reported near nashik,thunderstorm,,
waterlogging flooding reported in low lying areas of nashik,flood,,
dust storm reported around mumbai,dust_storm,,
heatwave conditions reported in nagpur,heatwave,,
dense fog reducing visibility in nashik,fog,,
moderate to heavy rainfall reported in nagpur,rainfall,,
dense fog reducing visibility in mumbai,fog,,
dust storm reported around nagpur,dust_storm,,
moderate to heavy rainfall reported in mumbai,rainfall,,
raining non stop in nagpur since morning umbrella emoji rain nagpurweather,rainfall,,
winds so strong in nashik rn trees swaying like crazy,strong_wind,,
nagpur sky looks strange this evening anyone else notice,other,,
nagpur fog is next level today flights probably delayed,fog,,
mumbai winds knocked over a stall near my building,strong_wind,,
can t step outside in nashik heat is unbearable rn,heatwave,,
dust storm hit mumbai out of nowhere everything s orange outside,dust_storm,,
nagpur winds knocked over a stall near my building,strong_wind,,
dust storm hit nagpur out of nowhere everything s orange outside,dust_storm,,
water logging near my area in nagpur cars stuck flood nagpurrain,flood,,
nashik winds knocked over a stall near my building,strong_wind,,
raining non stop in nashik since morning umbrella emoji rain nashikweather,rainfall,,
raining non stop in mumbai since morning umbrella emoji rain mumbaiweather,rainfall,,
nashik sky looks strange this evening anyone else notice,other,,
can t step outside in nagpur heat is unbearable rn,heatwave,,
mumbai sky turned brown dust storm warning was right,dust_storm,,
water logging near my area in nashik cars stuck flood nashikrain,flood,,
mumbai is literally on fire today 45 degrees heatwave,heatwave,,
nagpur streets flooded again this is the 3rd time this month,flood,,
weird weather in mumbai today not sure what s going on,other,,
mumbai streets flooded again this is the 3rd time this month,flood,,
scary lightning storm over nashik tonight stay safe everyone,thunderstorm,,
winds so strong in nagpur rn trees swaying like crazy,strong_wind,,
can barely see 5 meters ahead in mumbai dense fog this morning,fog,,
winds so strong in mumbai rn trees swaying like crazy,strong_wind,,
weird weather in nagpur today not sure what s going on,other,,
nashik getting heavy rains rn roads getting wet everywhere,rainfall,,
nagpur is literally on fire today 45 degrees heatwave,heatwave,,
nashik fog is next level today flights probably delayed,fog,,
mumbai fog is next level today flights probably delayed,fog,,
nagpur sky turned brown dust storm warning was right,dust_storm,,
mumbai getting heavy rains rn roads getting wet everywhere,rainfall,,
loud thunder in nagpur rn lightning is crazy thunderstorm nagpur,thunderstorm,,
heavy rain fall in mumbai,rainfall,,
